"Name","Live Bytes","Live Objects"
"byte[]","5 897 192 B (32,3 %)","63 744 (21,8 %)"
"Ljdk.internal.vm.FillerArray;","3 838 688 B (21 %)","62 (0 %)"
"java.lang.String","1 332 624 B (7,3 %)","55 526 (19 %)"
"java.util.HashMap$Node","794 560 B (4,4 %)","24 830 (8,5 %)"
"java.lang.Object[]","648 576 B (3,6 %)","16 628 (5,7 %)"
"java.util.HashMap$Node[]","527 352 B (2,9 %)","4 033 (1,4 %)"
"char[]","374 976 B (2,1 %)","6 250 (2,1 %)"
"jdk.internal.org.objectweb.asm.SymbolTable$Entry","308 560 B (1,7 %)","5 510 (1,9 %)"
"java.lang.Class","283 144 B (1,6 %)","2 316 (0,8 %)"
"java.util.ImmutableCollections$ListItr","228 672 B (1,3 %)","7 146 (2,4 %)"
"java.util.ArrayList","226 224 B (1,2 %)","9 426 (3,2 %)"
"java.util.ArrayList$Itr","208 672 B (1,1 %)","6 521 (2,2 %)"
"jdk.internal.org.objectweb.asm.SymbolTable$Entry[]","193 648 B (1,1 %)","259 (0,1 %)"
"java.lang.reflect.Constructor","187 992 B (1 %)","2 611 (0,9 %)"
"java.util.HashMap","183 792 B (1 %)","3 829 (1,3 %)"
"java.util.concurrent.ConcurrentHashMap$Node","147 328 B (0,8 %)","4 604 (1,6 %)"
"java.util.TreeMap$Entry","145 840 B (0,8 %)","3 646 (1,2 %)"
"java.lang.Class[]","131 920 B (0,7 %)","6 081 (2,1 %)"
"java.util.ImmutableCollections$List12","124 920 B (0,7 %)","5 205 (1,8 %)"
"jdk.jfr.internal.jfc.model.Constraint","118 272 B (0,6 %)","4 928 (1,7 %)"
"int[]","109 224 B (0,6 %)","1 576 (0,5 %)"
"long[]","109 088 B (0,6 %)","140 (0 %)"
"java.lang.String[]","99 312 B (0,5 %)","2 277 (0,8 %)"
"java.lang.ref.WeakReference","94 304 B (0,5 %)","2 947 (1 %)"
"java.lang.invoke.MemberName","90 672 B (0,5 %)","1 889 (0,6 %)"
"java.lang.reflect.Method","88 880 B (0,5 %)","1 010 (0,3 %)"
"java.util.LinkedHashMap$Entry","79 200 B (0,4 %)","1 980 (0,7 %)"
"java.lang.invoke.MethodType","77 920 B (0,4 %)","1 948 (0,7 %)"
"jdk.internal.org.objectweb.asm.MethodWriter","68 320 B (0,4 %)","305 (0,1 %)"
"java.lang.StringBuilder","62 256 B (0,3 %)","2 594 (0,9 %)"
"jdk.jfr.internal.jfc.model.XmlSetting","52 160 B (0,3 %)","1 304 (0,4 %)"
"java.util.concurrent.ConcurrentHashMap$Node[]","51 776 B (0,3 %)","120 (0 %)"
"java.util.TreeMap","46 032 B (0,3 %)","959 (0,3 %)"
"jdk.internal.org.objectweb.asm.Label","32 648 B (0,2 %)","583 (0,2 %)"
"jdk.jfr.internal.jfc.model.XmlEvent","28 000 B (0,2 %)","700 (0,2 %)"
"jdk.internal.org.objectweb.asm.ClassWriter","27 056 B (0,1 %)","178 (0,1 %)"
"java.lang.invoke.LambdaForm$Name[]","26 064 B (0,1 %)","541 (0,2 %)"
"java.util.ImmutableCollections$SetN$SetNIterator","24 816 B (0,1 %)","1 034 (0,4 %)"
"java.lang.Integer","24 240 B (0,1 %)","1 515 (0,5 %)"
"java.lang.invoke.LambdaForm$Name","24 128 B (0,1 %)","754 (0,3 %)"
"java.lang.invoke.MethodType$ConcurrentWeakInternSet$WeakEntry","23 456 B (0,1 %)","733 (0,3 %)"
"java.lang.ref.SoftReference[]","22 648 B (0,1 %)","298 (0,1 %)"
"java.util.HashMap$KeyIterator","22 400 B (0,1 %)","700 (0,2 %)"
"jdk.internal.org.objectweb.asm.ByteVector","20 808 B (0,1 %)","867 (0,3 %)"
"jdk.internal.org.objectweb.asm.Frame","19 056 B (0,1 %)","397 (0,1 %)"
"java.util.TreeMap$KeyIterator","19 008 B (0,1 %)","594 (0,2 %)"
"java.util.TreeMap$ValueIterator","18 944 B (0,1 %)","592 (0,2 %)"
"sun.nio.fs.WindowsFileAttributes","18 688 B (0,1 %)","292 (0,1 %)"
"java.util.ImmutableCollections$Set12$1","17 640 B (0,1 %)","735 (0,3 %)"
"java.util.Optional","15 568 B (0,1 %)","973 (0,3 %)"
"java.util.stream.ReferencePipeline$Head","14 616 B (0,1 %)","261 (0,1 %)"
"javax.management.ImmutableDescriptor","14 208 B (0,1 %)","592 (0,2 %)"
"java.util.HashMap$EntryIterator","13 856 B (0,1 %)","433 (0,1 %)"
"java.lang.invoke.ResolvedMethodName","13 848 B (0,1 %)","577 (0,2 %)"
"java.util.ImmutableCollections$ListN","13 536 B (0,1 %)","564 (0,2 %)"
"sun.nio.fs.WindowsPath$WindowsPathWithAttributes","13 248 B (0,1 %)","276 (0,1 %)"
"java.lang.invoke.DirectMethodHandle$Constructor","12 912 B (0,1 %)","269 (0,1 %)"
"sun.nio.fs.WindowsPath","12 520 B (0,1 %)","313 (0,1 %)"
"jdk.internal.org.objectweb.asm.Type","12 448 B (0,1 %)","389 (0,1 %)"
"java.lang.reflect.Field","12 312 B (0,1 %)","171 (0,1 %)"
"java.lang.invoke.MethodHandles$Lookup","11 776 B (0,1 %)","368 (0,1 %)"
"java.lang.PublicMethods$Key","11 760 B (0,1 %)","490 (0,2 %)"
"java.lang.PublicMethods$MethodList","11 736 B (0,1 %)","489 (0,2 %)"
"jdk.internal.org.objectweb.asm.SymbolTable","11 520 B (0,1 %)","180 (0,1 %)"
"java.lang.ref.SoftReference","11 280 B (0,1 %)","282 (0,1 %)"
"java.lang.invoke.MethodHandle[]","10 992 B (0,1 %)","95 (0 %)"
"java.lang.invoke.InnerClassLambdaMetafactory","10 712 B (0,1 %)","103 (0 %)"
"jdk.internal.org.objectweb.asm.AnnotationWriter","10 704 B (0,1 %)","223 (0,1 %)"
"java.lang.reflect.Method[]","10 592 B (0,1 %)","173 (0,1 %)"
"java.util.HashSet","10 112 B (0,1 %)","632 (0,2 %)"
"java.util.TreeMap$KeySet","9 504 B (0,1 %)","594 (0,2 %)"
"java.util.TreeMap$Values","9 472 B (0,1 %)","592 (0,2 %)"
"java.lang.module.ModuleDescriptor$Exports","8 952 B (0 %)","373 (0,1 %)"
"java.util.TreeMap$EntryIterator","8 640 B (0 %)","270 (0,1 %)"
"sun.security.util.KnownOIDs","8 416 B (0 %)","263 (0,1 %)"
"java.util.ImmutableCollections$Set12","8 376 B (0 %)","349 (0,1 %)"
"java.lang.invoke.LambdaForm","8 160 B (0 %)","170 (0,1 %)"
"java.lang.Class$ReflectionData","8 128 B (0 %)","127 (0 %)"
"javax.management.Descriptor[]","7 448 B (0 %)","306 (0,1 %)"
"jdk.internal.org.objectweb.asm.FieldWriter","7 424 B (0 %)","116 (0 %)"
"java.util.concurrent.ConcurrentHashMap","7 360 B (0 %)","115 (0 %)"
"sun.nio.fs.WindowsPathParser$Result","7 272 B (0 %)","303 (0,1 %)"
"com.sun.management.internal.DiagnosticCommandArgumentInfo","6 800 B (0 %)","170 (0,1 %)"
"java.lang.invoke.DirectMethodHandle","6 720 B (0 %)","168 (0,1 %)"
"jdk.internal.ref.CleanerImpl$PhantomCleanableRef","6 480 B (0 %)","135 (0 %)"
"java.lang.Long","6 360 B (0 %)","265 (0,1 %)"
"java.util.HashMap$EntrySet","6 352 B (0 %)","397 (0,1 %)"
"javax.management.MBeanParameterInfo[]","6 152 B (0 %)","259 (0,1 %)"
"jdk.jfr.internal.jfc.model.XmlTest","6 080 B (0 %)","152 (0,1 %)"
"java.net.URI","5 840 B (0 %)","73 (0 %)"
"short[]","5 792 B (0 %)","74 (0 %)"
"java.util.concurrent.ConcurrentHashMap$ValueIterator","5 544 B (0 %)","99 (0 %)"
"java.lang.module.ModuleDescriptor$Requires","5 504 B (0 %)","172 (0,1 %)"
"java.lang.invoke.MethodTypeForm","5 440 B (0 %)","170 (0,1 %)"
"javax.management.ObjectName$Property[]","5 376 B (0 %)","155 (0,1 %)"
"java.util.LinkedHashMap","5 320 B (0 %)","95 (0 %)"
"java.util.WeakHashMap$Entry","5 080 B (0 %)","127 (0 %)"
"javax.management.MBeanOperationInfo","5 000 B (0 %)","125 (0 %)"
"com.sun.jmx.mbeanserver.ConvertingMethod","4 992 B (0 %)","156 (0,1 %)"
"java.lang.invoke.BoundMethodHandle$Species_L","4 960 B (0 %)","124 (0 %)"
"java.lang.Object[][]","4 936 B (0 %)","13 (0 %)"
"java.lang.invoke.LambdaForm$NamedFunction","4 920 B (0 %)","205 (0,1 %)"
"jdk.jfr.internal.jfc.model.XmlOption","4 800 B (0 %)","120 (0 %)"
"java.lang.invoke.InvokerBytecodeGenerator","4 736 B (0 %)","74 (0 %)"
"javax.management.MBeanAttributeInfo[]","4 704 B (0 %)","96 (0 %)"
"jdk.internal.module.ServicesCatalog$ServiceProvider","4 680 B (0 %)","195 (0,1 %)"
"java.lang.module.ModuleDescriptor","4 608 B (0 %)","72 (0 %)"
"java.util.stream.ReferencePipeline$3","4 592 B (0 %)","82 (0 %)"
"java.util.Arrays$ArrayList","4 560 B (0 %)","190 (0,1 %)"
"java.util.stream.ReferencePipeline$2","4 536 B (0 %)","81 (0 %)"
"java.lang.invoke.MethodHandles$Lookup$ClassDefiner","4 448 B (0 %)","139 (0 %)"
"java.util.TreeMap$EntrySet","4 320 B (0 %)","270 (0,1 %)"
"jdk.jfr.internal.jfc.model.XmlCondition","4 320 B (0 %)","108 (0 %)"
"java.nio.HeapCharBuffer","4 312 B (0 %)","77 (0 %)"
"java.lang.Object","4 304 B (0 %)","269 (0,1 %)"
"jdk.internal.org.objectweb.asm.Type[]","4 216 B (0 %)","175 (0,1 %)"
"com.sun.management.internal.DiagnosticCommandInfo","4 128 B (0 %)","86 (0 %)"
"java.util.KeyValueHolder","4 104 B (0 %)","171 (0,1 %)"
"java.lang.Module","4 088 B (0 %)","73 (0 %)"
"java.util.stream.ReferencePipeline$7","4 088 B (0 %)","73 (0 %)"
"java.util.ImmutableCollections$SetN","4 008 B (0 %)","167 (0,1 %)"
"jdk.internal.module.ModuleReferenceImpl","3 976 B (0 %)","71 (0 %)"
"jdk.internal.module.Builder","3 976 B (0 %)","71 (0 %)"
"java.lang.invoke.MethodHandleImpl$IntrinsicMethodHandle","3 888 B (0 %)","81 (0 %)"
"java.util.concurrent.ConcurrentHashMap$MapEntry","3 792 B (0 %)","158 (0,1 %)"
"java.lang.invoke.MethodHandleNatives$CallSiteContext","3 776 B (0 %)","118 (0 %)"
"java.time.LocalDateTime","3 696 B (0 %)","154 (0,1 %)"
"java.util.WeakHashMap$Entry[]","3 696 B (0 %)","35 (0 %)"
"java.lang.invoke.LambdaFormEditor$TransformKey","3 696 B (0 %)","154 (0,1 %)"
"java.math.BigInteger","3 600 B (0 %)","90 (0 %)"
"java.util.HashMap$KeySet","3 392 B (0 %)","212 (0,1 %)"
"java.util.stream.FindOps$FindSink$OfRef","3 360 B (0 %)","140 (0 %)"
"com.sun.jmx.mbeanserver.MXBeanMapping[]","3 344 B (0 %)","167 (0,1 %)"
"java.lang.invoke.MethodHandles$Lookup$ClassFile","3 336 B (0 %)","139 (0 %)"
"java.security.Provider$Service","3 200 B (0 %)","50 (0 %)"
"javax.management.openmbean.OpenMBeanAttributeInfoSupport","3 136 B (0 %)","49 (0 %)"
"jdk.internal.org.objectweb.asm.ClassReader","3 120 B (0 %)","65 (0 %)"
"java.security.Provider$ServiceKey","3 120 B (0 %)","130 (0 %)"
"java.util.concurrent.locks.ReentrantLock$NonfairSync","2 848 B (0 %)","89 (0 %)"
"java.util.Spliterators$IteratorSpliterator","2 840 B (0 %)","71 (0 %)"
"boolean[]","2 840 B (0 %)","15 (0 %)"
"java.lang.invoke.ConstantCallSite","2 832 B (0 %)","118 (0 %)"
"jdk.internal.reflect.ConstantPool","2 832 B (0 %)","177 (0,1 %)"
"java.lang.Byte","2 800 B (0 %)","175 (0,1 %)"
"java.net.NetworkInterface","2 784 B (0 %)","58 (0 %)"
"javax.management.MBeanInfo","2 784 B (0 %)","58 (0 %)"
"java.lang.module.ModuleDescriptor$Exports[]","2 768 B (0 %)","71 (0 %)"
"com.sun.management.internal.DiagnosticCommandImpl$Wrapper","2 752 B (0 %)","86 (0 %)"
"jdk.internal.module.ServicesCatalog$ServiceProvider[]","2 736 B (0 %)","102 (0 %)"
"com.sun.jmx.mbeanserver.MBeanAnalyzer$AttrMethods","2 568 B (0 %)","107 (0 %)"
"java.lang.invoke.SimpleMethodHandle","2 560 B (0 %)","80 (0 %)"
"java.io.ObjectStreamField","2 560 B (0 %)","64 (0 %)"
"java.util.concurrent.ConcurrentHashMap$ReservationNode","2 560 B (0 %)","80 (0 %)"
"java.lang.invoke.InfoFromMemberName","2 472 B (0 %)","103 (0 %)"
"java.lang.invoke.LambdaFormEditor","2 464 B (0 %)","154 (0,1 %)"
"java.time.zone.ZoneOffsetTransition","2 432 B (0 %)","76 (0 %)"
"com.sun.jmx.mbeanserver.WeakIdentityHashMap$IdentityWeakReference","2 432 B (0 %)","76 (0 %)"
"javax.management.MBeanOperationInfo[]","2 280 B (0 %)","67 (0 %)"
"java.lang.invoke.LambdaFormBuffer","2 256 B (0 %)","47 (0 %)"
"java.lang.invoke.LambdaFormEditor$Transform","2 256 B (0 %)","47 (0 %)"
"java.util.AbstractList$RandomAccessSpliterator","2 240 B (0 %)","70 (0 %)"
"sun.security.util.KnownOIDs[]","2 224 B (0 %)","2 (0 %)"
"java.time.LocalDate","2 208 B (0 %)","92 (0 %)"
"com.sun.management.internal.DiagnosticCommandArgumentInfo[]","2 176 B (0 %)","86 (0 %)"
"java.lang.invoke.LambdaForm$Kind","2 176 B (0 %)","68 (0 %)"
"javax.management.ObjectName$Property","2 112 B (0 %)","88 (0 %)"
"java.util.LinkedHashMap$LinkedEntryIterator","2 080 B (0 %)","65 (0 %)"
"javax.management.MBeanAttributeInfo","2 080 B (0 %)","65 (0 %)"
"java.io.File","2 048 B (0 %)","64 (0 %)"
"java.lang.invoke.BoundMethodHandle$Species_LL","2 040 B (0 %)","51 (0 %)"
"java.util.concurrent.CopyOnWriteArrayList","2 016 B (0 %)","84 (0 %)"
"java.nio.HeapByteBuffer","2 016 B (0 %)","36 (0 %)"
"jdk.internal.loader.BuiltinClassLoader$LoadedModule","2 016 B (0 %)","63 (0 %)"
"java.lang.module.ModuleDescriptor$Requires[]","2 000 B (0 %)","71 (0 %)"
"sun.nio.cs.SingleByte$Decoder","1 968 B (0 %)","41 (0 %)"
"java.util.stream.ReferencePipeline$3$1","1 968 B (0 %)","82 (0 %)"
"java.util.stream.ReferencePipeline$2$1","1 944 B (0 %)","81 (0 %)"
"java.lang.reflect.Type[]","1 880 B (0 %)","83 (0 %)"
"java.lang.invoke.InvokerBytecodeGenerator$ClassData","1 848 B (0 %)","77 (0 %)"
"java.util.regex.Pattern","1 848 B (0 %)","21 (0 %)"
"java.util.StringJoiner","1 840 B (0 %)","46 (0 %)"
"java.lang.management.ManagementPermission","1 824 B (0 %)","76 (0 %)"
"jdk.internal.util.xml.impl.Pair","1 760 B (0 %)","44 (0 %)"
"java.util.regex.Matcher","1 760 B (0 %)","22 (0 %)"
"sun.reflect.generics.tree.FieldTypeSignature[]","1 752 B (0 %)","79 (0 %)"
"java.util.stream.ReferencePipeline$7$1","1 752 B (0 %)","73 (0 %)"
"java.util.stream.Streams$StreamBuilderImpl","1 704 B (0 %)","71 (0 %)"
"jdk.internal.module.SystemModuleFinders$2","1 704 B (0 %)","71 (0 %)"
"java.lang.invoke.DirectMethodHandle$Accessor","1 680 B (0 %)","35 (0 %)"
"javax.management.ObjectName","1 664 B (0 %)","52 (0 %)"
"byte[][]","1 656 B (0 %)","6 (0 %)"
"java.lang.module.ModuleFinder$2$$Lambda$2.0x800000005","1 656 B (0 %)","69 (0 %)"
"sun.reflect.generics.tree.TypeArgument[]","1 608 B (0 %)","91 (0 %)"
"java.net.URL","1 600 B (0 %)","25 (0 %)"
"java.nio.DirectByteBuffer","1 600 B (0 %)","25 (0 %)"
"javax.management.openmbean.OpenType[]","1 584 B (0 %)","56 (0 %)"
"java.lang.invoke.MethodHandles$Lookup$ClassOption[]","1 584 B (0 %)","66 (0 %)"
"java.lang.invoke.InnerClassLambdaMetafactory$ForwardingMethodGenerator","1 560 B (0 %)","65 (0 %)"
"java.lang.module.ModuleDescriptor$Provides","1 560 B (0 %)","65 (0 %)"
"java.lang.ref.ReferenceQueue","1 536 B (0 %)","48 (0 %)"
"java.lang.module.ModuleDescriptor$Provides[]","1 520 B (0 %)","71 (0 %)"
"javax.management.MBeanServerNotification","1 512 B (0 %)","27 (0 %)"
"jdk.internal.module.SystemModuleFinders$SystemModuleReader","1 512 B (0 %)","63 (0 %)"
"java.lang.module.ResolvedModule","1 512 B (0 %)","63 (0 %)"
"java.security.Provider$UString","1 512 B (0 %)","63 (0 %)"
"jdk.internal.org.objectweb.asm.Edge","1 488 B (0 %)","62 (0 %)"
"sun.reflect.generics.tree.SimpleClassTypeSignature","1 488 B (0 %)","62 (0 %)"
"jdk.internal.org.objectweb.asm.Handler","1 480 B (0 %)","37 (0 %)"
"java.util.LinkedHashMap$LinkedValueIterator","1 472 B (0 %)","46 (0 %)"
"sun.nio.cs.SingleByte$Encoder","1 472 B (0 %)","23 (0 %)"
"sun.util.locale.BaseLocale","1 472 B (0 %)","46 (0 %)"
"jdk.internal.module.ModuleReferenceImpl$CachedHash","1 464 B (0 %)","61 (0 %)"
"java.lang.invoke.ClassSpecializer$Factory$1Var","1 440 B (0 %)","30 (0 %)"
"java.time.temporal.ValueRange","1 440 B (0 %)","30 (0 %)"
"javax.management.MBeanParameterInfo","1 408 B (0 %)","44 (0 %)"
"jdk.jfr.internal.dcmd.Argument","1 408 B (0 %)","44 (0 %)"
"java.security.AccessControlContext","1 320 B (0 %)","33 (0 %)"
"java.util.Arrays$ArrayItr","1 296 B (0 %)","54 (0 %)"
"java.lang.reflect.Constructor[]","1 296 B (0 %)","60 (0 %)"
"java.util.concurrent.locks.ReentrantLock","1 232 B (0 %)","77 (0 %)"
"java.lang.Thread","1 232 B (0 %)","11 (0 %)"
"java.time.temporal.ChronoField","1 200 B (0 %)","30 (0 %)"
"java.util.WeakHashMap","1 200 B (0 %)","25 (0 %)"
"java.lang.Integer[]","1 192 B (0 %)","6 (0 %)"
"java.math.BigInteger[]","1 184 B (0 %)","38 (0 %)"
"java.util.regex.Pattern$GroupHead[]","1 176 B (0 %)","21 (0 %)"
"java.net.NetworkInterface[]","1 176 B (0 %)","59 (0 %)"
"java.lang.module.ModuleDescriptor$Opens[]","1 160 B (0 %)","71 (0 %)"
"java.util.concurrent.locks.AbstractQueuedSynchronizer$ConditionObject","1 152 B (0 %)","48 (0 %)"
"java.util.concurrent.ConcurrentHashMap$ForwardingNode","1 120 B (0 %)","35 (0 %)"
"jdk.jfr.internal.jfc.model.XmlSelection","1 120 B (0 %)","28 (0 %)"
"jdk.jfr.internal.jfc.model.XmlOr","1 120 B (0 %)","28 (0 %)"
"java.lang.module.ModuleFinder$2$$Lambda$6.0x800000009","1 104 B (0 %)","69 (0 %)"
"java.lang.annotation.Annotation[]","1 072 B (0 %)","65 (0 %)"
"jdk.internal.module.SystemModuleFinders$3","1 072 B (0 %)","67 (0 %)"
"java.lang.Long[]","1 040 B (0 %)","1 (0 %)"
"java.lang.annotation.Annotation[][]","1 040 B (0 %)","45 (0 %)"
"sun.util.locale.LocaleObjectCache$CacheEntry","1 040 B (0 %)","26 (0 %)"
"java.lang.WeakPairMap$Pair$Lookup","1 008 B (0 %)","42 (0 %)"
"com.sun.jmx.mbeanserver.PerInterface$MethodAndSig","1 008 B (0 %)","42 (0 %)"
"java.lang.invoke.DirectMethodHandle$StaticAccessor","1 008 B (0 %)","18 (0 %)"
"jdk.internal.loader.BuiltinClassLoader$5","1 008 B (0 %)","63 (0 %)"
"com.sun.jmx.mbeanserver.MXBeanSupport","1 000 B (0 %)","25 (0 %)"
"java.util.Locale","992 B (0 %)","31 (0 %)"
"sun.reflect.generics.tree.ClassTypeSignature","992 B (0 %)","62 (0 %)"
"java.lang.invoke.VarHandle$AccessMode","992 B (0 %)","31 (0 %)"
"java.net.InterfaceAddress[]","976 B (0 %)","58 (0 %)"
"java.lang.reflect.Field[]","976 B (0 %)","19 (0 %)"
"java.net.InetAddress[]","976 B (0 %)","58 (0 %)"
"java.lang.PublicMethods","960 B (0 %)","40 (0 %)"
"java.lang.reflect.AccessFlag","920 B (0 %)","23 (0 %)"
"sun.invoke.util.Wrapper[]","920 B (0 %)","19 (0 %)"
"javax.management.openmbean.ArrayType","912 B (0 %)","19 (0 %)"
"sun.reflect.generics.visitor.Reifier","912 B (0 %)","38 (0 %)"
"javax.management.openmbean.OpenMBeanParameterInfoSupport","896 B (0 %)","16 (0 %)"
"java.util.regex.Pattern$BmpCharProperty","888 B (0 %)","37 (0 %)"
"java.util.Map$Entry[]","872 B (0 %)","6 (0 %)"
"java.lang.invoke.MemberName[]","864 B (0 %)","6 (0 %)"
"sun.util.locale.BaseLocale$Key","864 B (0 %)","27 (0 %)"
"double[]","864 B (0 %)","11 (0 %)"
"java.util.Collections$SingletonList","864 B (0 %)","36 (0 %)"
"javax.management.MBeanNotificationInfo[]","848 B (0 %)","38 (0 %)"
"java.lang.Thread$FieldHolder","840 B (0 %)","21 (0 %)"
"java.util.jar.Attributes$Name","768 B (0 %)","32 (0 %)"
"java.util.Formatter$FormatSpecifier","768 B (0 %)","24 (0 %)"
"java.util.concurrent.CopyOnWriteArrayList$COWIterator","768 B (0 %)","32 (0 %)"
"java.util.Date","768 B (0 %)","32 (0 %)"
"com.sun.jmx.mbeanserver.DefaultMXBeanMappingFactory$IdentityMapping","768 B (0 %)","32 (0 %)"
"jdk.internal.reflect.DirectConstructorHandleAccessor","768 B (0 %)","32 (0 %)"
"java.util.LinkedHashMap$LinkedValues","736 B (0 %)","46 (0 %)"
"javax.management.openmbean.CompositeType","728 B (0 %)","13 (0 %)"
"java.util.Formatter$FixedString","720 B (0 %)","30 (0 %)"
"sun.reflect.generics.repository.MethodRepository","720 B (0 %)","18 (0 %)"
"java.security.Provider$EngineDescription","720 B (0 %)","30 (0 %)"
"sun.reflect.generics.parser.SignatureParser","720 B (0 %)","30 (0 %)"
"sun.reflect.generics.factory.CoreReflectionFactory","696 B (0 %)","29 (0 %)"
"javax.management.ObjectInstance","696 B (0 %)","29 (0 %)"
"java.io.FileDescriptor","680 B (0 %)","17 (0 %)"
"java.lang.NoSuchMethodError","680 B (0 %)","17 (0 %)"
"java.util.Hashtable$Entry[]","672 B (0 %)","11 (0 %)"
"java.util.logging.LogManager$LoggerWeakRef","672 B (0 %)","14 (0 %)"
"java.io.FileCleanable","672 B (0 %)","12 (0 %)"
"java.time.LocalTime","648 B (0 %)","27 (0 %)"
"com.sun.jmx.mbeanserver.NamedObject","648 B (0 %)","27 (0 %)"
"java.lang.constant.ClassDesc[]","640 B (0 %)","23 (0 %)"
"java.net.InetAddress$InetAddressHolder","640 B (0 %)","20 (0 %)"
"java.lang.ClassNotFoundException","640 B (0 %)","16 (0 %)"
"java.time.LocalDateTime[]","640 B (0 %)","2 (0 %)"
"java.lang.invoke.LambdaForm[]","624 B (0 %)","3 (0 %)"
"java.lang.invoke.Invokers","624 B (0 %)","26 (0 %)"
"java.util.jar.JarFile$JarFileEntry","624 B (0 %)","6 (0 %)"
"java.lang.management.ManagementFactory$$Lambda$52.0x000000080107b788","624 B (0 %)","26 (0 %)"
"java.lang.constant.ReferenceClassDescImpl","608 B (0 %)","38 (0 %)"
"jdk.internal.ref.Cleaner","600 B (0 %)","15 (0 %)"
"java.io.ObjectStreamField[]","600 B (0 %)","19 (0 %)"
"java.lang.invoke.MethodHandleImpl$AsVarargsCollector","576 B (0 %)","12 (0 %)"
"sun.reflect.generics.tree.MethodTypeSignature","576 B (0 %)","18 (0 %)"
"java.lang.invoke.VarHandle$AccessMode[]","576 B (0 %)","4 (0 %)"
"java.nio.DirectByteBufferR","576 B (0 %)","9 (0 %)"
"java.lang.invoke.LambdaForm$Kind[]","576 B (0 %)","2 (0 %)"
"java.util.logging.LogManager$LogNode","576 B (0 %)","18 (0 %)"
"java.lang.invoke.LambdaForm$NamedFunction[]","576 B (0 %)","16 (0 %)"
"java.lang.ThreadLocal$ThreadLocalMap$Entry","576 B (0 %)","18 (0 %)"
"java.util.concurrent.TimeUnit","560 B (0 %)","7 (0 %)"
"java.util.Collections$SingletonMap","560 B (0 %)","14 (0 %)"
"sun.invoke.util.Wrapper","560 B (0 %)","10 (0 %)"
"javax.management.openmbean.SimpleType","560 B (0 %)","14 (0 %)"
"java.lang.constant.DirectMethodHandleDesc$Kind[]","544 B (0 %)","8 (0 %)"
"java.lang.module.ResolvedModule[]","544 B (0 %)","2 (0 %)"
"java.lang.invoke.BoundMethodHandle$SpeciesData","528 B (0 %)","11 (0 %)"
"com.sun.jmx.mbeanserver.PerInterface","520 B (0 %)","13 (0 %)"
"jdk.internal.util.xml.impl.ParserSAX","512 B (0 %)","4 (0 %)"
"java.time.temporal.ChronoUnit","512 B (0 %)","16 (0 %)"
"java.util.Hashtable$Entry","512 B (0 %)","16 (0 %)"
"java.util.HashMap$ValueIterator","512 B (0 %)","16 (0 %)"
"sun.util.resources.Bundles$CacheKey","512 B (0 %)","16 (0 %)"
"java.util.ServiceLoader","504 B (0 %)","9 (0 %)"
"java.lang.reflect.TypeVariable[]","496 B (0 %)","21 (0 %)"
"java.util.ArrayDeque","480 B (0 %)","20 (0 %)"
"java.util.Hashtable","480 B (0 %)","10 (0 %)"
"java.util.stream.Collectors$CollectorImpl","480 B (0 %)","15 (0 %)"
"java.util.stream.ReduceOps$3","480 B (0 %)","15 (0 %)"
"java.util.stream.ReduceOps$3ReducingSink","480 B (0 %)","15 (0 %)"
"java.lang.OutOfMemoryError","480 B (0 %)","12 (0 %)"
"java.lang.constant.MethodTypeDescImpl","480 B (0 %)","20 (0 %)"
"sun.util.locale.LanguageTag","480 B (0 %)","12 (0 %)"
"jdk.jfr.internal.jfc.model.XmlText","480 B (0 %)","12 (0 %)"
"java.util.Collections$SingletonSet","480 B (0 %)","30 (0 %)"
"java.lang.Class$AnnotationData","456 B (0 %)","19 (0 %)"
"javax.management.MBeanConstructorInfo[]","456 B (0 %)","23 (0 %)"
"java.util.Properties","448 B (0 %)","8 (0 %)"
"java.nio.DirectByteBuffer$Deallocator","448 B (0 %)","14 (0 %)"
"sun.management.MemoryPoolImpl","448 B (0 %)","8 (0 %)"
"sun.util.calendar.ZoneInfo","448 B (0 %)","8 (0 %)"
"java.lang.invoke.MethodType[]","448 B (0 %)","11 (0 %)"
"java.nio.DirectLongBufferU","448 B (0 %)","8 (0 %)"
"jdk.internal.loader.BuiltinClassLoader$1","448 B (0 %)","14 (0 %)"
"java.util.Spliterators$ArraySpliterator","440 B (0 %)","11 (0 %)"
"java.lang.invoke.BoundMethodHandle$SpeciesData[]","440 B (0 %)","11 (0 %)"
"com.sun.jmx.mbeanserver.DefaultMXBeanMappingFactory$CompositeMapping","440 B (0 %)","11 (0 %)"
"java.lang.constant.ConstantDesc[]","432 B (0 %)","25 (0 %)"
"sun.reflect.generics.reflectiveObjects.ParameterizedTypeImpl","432 B (0 %)","18 (0 %)"
"javax.management.StandardMBean","432 B (0 %)","18 (0 %)"
"java.util.regex.Pattern$Start","432 B (0 %)","18 (0 %)"
"sun.nio.ch.SocketOptionRegistry$RegistryKey","432 B (0 %)","18 (0 %)"
"sun.reflect.generics.scope.MethodScope","432 B (0 %)","18 (0 %)"
"java.util.regex.Pattern$TreeInfo","432 B (0 %)","18 (0 %)"
"jdk.internal.loader.BuiltinClassLoader$2","432 B (0 %)","18 (0 %)"
"sun.security.jca.ProviderConfig","416 B (0 %)","13 (0 %)"
"java.util.LinkedHashMap$LinkedEntrySet","416 B (0 %)","26 (0 %)"
"sun.nio.ch.OptionKey","408 B (0 %)","17 (0 %)"
"java.time.Duration","408 B (0 %)","17 (0 %)"
"sun.util.locale.StringTokenIterator","400 B (0 %)","10 (0 %)"
"java.security.CodeSource","400 B (0 %)","10 (0 %)"
"sun.nio.cs.UTF_8$Decoder","400 B (0 %)","10 (0 %)"
"java.lang.ThreadLocal$ThreadLocalMap$Entry[]","400 B (0 %)","5 (0 %)"
"java.util.IdentityHashMap","400 B (0 %)","10 (0 %)"
"java.nio.ByteBuffer[]","400 B (0 %)","5 (0 %)"
"java.security.ProtectionDomain","400 B (0 %)","10 (0 %)"
"sun.util.locale.InternalLocaleBuilder","400 B (0 %)","10 (0 %)"
"java.time.ZoneOffset[]","384 B (0 %)","2 (0 %)"
"java.lang.RuntimePermission","384 B (0 %)","16 (0 %)"
"com.sun.management.internal.DiagnosticCommandInfo[]","384 B (0 %)","2 (0 %)"
"java.util.Collections$1","384 B (0 %)","16 (0 %)"
"java.time.ZoneOffset","384 B (0 %)","16 (0 %)"
"sun.nio.fs.WindowsFileAttributeViews$Basic","384 B (0 %)","16 (0 %)"
"java.lang.reflect.ProxyGenerator$PrimitiveTypeInfo","384 B (0 %)","8 (0 %)"
"jdk.internal.misc.InternalLock","368 B (0 %)","23 (0 %)"
"jdk.internal.loader.NativeLibraries$NativeLibraryContext$1","368 B (0 %)","23 (0 %)"
"java.util.ServiceLoader$LazyClassPathLookupIterator","360 B (0 %)","9 (0 %)"
"java.util.stream.Nodes$SpinedNodeBuilder","360 B (0 %)","9 (0 %)"
"java.lang.reflect.ProxyGenerator","352 B (0 %)","2 (0 %)"
"java.util.regex.IntHashSet[]","352 B (0 %)","22 (0 %)"
"java.lang.constant.DirectMethodHandleDesc$Kind","352 B (0 %)","11 (0 %)"
"java.util.HexFormat","352 B (0 %)","11 (0 %)"
"javax.management.MBeanNotificationInfo","352 B (0 %)","11 (0 %)"
"sun.reflect.generics.tree.FormalTypeParameter[]","352 B (0 %)","21 (0 %)"
"java.util.Collections$2","336 B (0 %)","14 (0 %)"
"java.lang.invoke.VarHandleReferences$FieldInstanceReadWrite","336 B (0 %)","7 (0 %)"
"java.util.zip.ZipFile$ZipFileInputStream","336 B (0 %)","6 (0 %)"
"java.lang.invoke.BoundMethodHandle$Species_LLL","336 B (0 %)","7 (0 %)"
"java.lang.invoke.BoundMethodHandle$Species_LLLL","336 B (0 %)","7 (0 %)"
"sun.reflect.generics.tree.TypeSignature[]","328 B (0 %)","18 (0 %)"
"jdk.internal.loader.URLClassPath$1","320 B (0 %)","10 (0 %)"
"jdk.jfr.internal.dcmd.Argument[]","320 B (0 %)","8 (0 %)"
"java.lang.reflect.ProxyGenerator$ProxyMethod","320 B (0 %)","8 (0 %)"
"sun.management.MemoryPoolImpl$CollectionSensor","320 B (0 %)","8 (0 %)"
"java.util.regex.Pattern$Curly","320 B (0 %)","10 (0 %)"
"sun.management.MemoryPoolImpl$PoolSensor","320 B (0 %)","8 (0 %)"
"java.lang.constant.DirectMethodHandleDescImpl","320 B (0 %)","10 (0 %)"
"java.util.stream.StreamOpFlag$Type[]","320 B (0 %)","8 (0 %)"
"java.lang.WeakPairMap$Pair$Weak","320 B (0 %)","8 (0 %)"
"jdk.internal.logger.LazyLoggers$LazyLoggerAccessor","320 B (0 %)","10 (0 %)"
"com.sun.jmx.mbeanserver.MBeanAnalyzer","312 B (0 %)","13 (0 %)"
"com.sun.jmx.mbeanserver.MBeanIntrospector$MBeanInfoMaker","312 B (0 %)","13 (0 %)"
"java.lang.module.ModuleReference[]","304 B (0 %)","1 (0 %)"
"java.lang.module.ModuleDescriptor[]","304 B (0 %)","1 (0 %)"
"jdk.internal.module.ModuleResolution[]","304 B (0 %)","1 (0 %)"
"jdk.internal.module.ModuleTarget[]","304 B (0 %)","1 (0 %)"
"jdk.internal.module.ModuleHashes[]","304 B (0 %)","1 (0 %)"
"java.nio.file.attribute.FileTime","288 B (0 %)","9 (0 %)"
"java.net.StandardSocketOptions$StdSocketOption","288 B (0 %)","12 (0 %)"
"java.net.Inet6Address$Inet6AddressHolder","288 B (0 %)","9 (0 %)"
"java.util.ServiceLoader$ModuleServicesLookupIterator","288 B (0 %)","9 (0 %)"
"java.lang.constant.PrimitiveClassDescImpl","288 B (0 %)","9 (0 %)"
"java.io.ByteArrayInputStream","288 B (0 %)","9 (0 %)"
"jdk.internal.loader.NativeLibraries$CountedLock","288 B (0 %)","12 (0 %)"
"java.util.logging.Level$KnownLevel","288 B (0 %)","9 (0 %)"
"java.util.ResourceBundle$CacheKey","288 B (0 %)","4 (0 %)"
"java.util.logging.Level","288 B (0 %)","9 (0 %)"
"jdk.internal.reflect.MethodHandleObjectFieldAccessorImpl","288 B (0 %)","9 (0 %)"
"java.util.concurrent.ConcurrentHashMap$KeyIterator","280 B (0 %)","5 (0 %)"
"java.util.stream.StreamOpFlag[]","280 B (0 %)","7 (0 %)"
"java.lang.invoke.BoundMethodHandle$Species_LLLLL","280 B (0 %)","5 (0 %)"
"java.util.concurrent.ConcurrentHashMap$EntryIterator","280 B (0 %)","5 (0 %)"
"jdk.internal.loader.NativeLibraries$NativeLibraryImpl","280 B (0 %)","7 (0 %)"
"java.lang.NoSuchMethodException","280 B (0 %)","7 (0 %)"
"java.lang.ClassLoader[]","272 B (0 %)","1 (0 %)"
"java.lang.Module[]","272 B (0 %)","1 (0 %)"
"java.nio.file.LinkOption[]","272 B (0 %)","17 (0 %)"
"java.lang.String[][]","264 B (0 %)","3 (0 %)"
"sun.reflect.generics.scope.ClassScope","264 B (0 %)","11 (0 %)"
"java.lang.invoke.MethodHandleImpl$Intrinsic","264 B (0 %)","11 (0 %)"
"java.net.Inet4Address","264 B (0 %)","11 (0 %)"
"jdk.internal.logger.DefaultLoggerFinder$1","256 B (0 %)","16 (0 %)"
"java.lang.WeakPairMap$Pair$Weak$1","256 B (0 %)","8 (0 %)"
"java.util.ResourceBundle$KeyElementReference","256 B (0 %)","8 (0 %)"
"java.util.logging.LogManager$LoggerContext$1","240 B (0 %)","10 (0 %)"
"java.util.regex.Pattern$$Lambda$20.0x80000002a","240 B (0 %)","15 (0 %)"
"java.security.Permission[]","240 B (0 %)","10 (0 %)"
"java.lang.invoke.DirectMethodHandle$Interface","240 B (0 %)","6 (0 %)"
"sun.nio.cs.StreamDecoder","240 B (0 %)","5 (0 %)"
"java.nio.file.StandardOpenOption","240 B (0 %)","10 (0 %)"
"sun.nio.fs.WindowsDirectoryStream","240 B (0 %)","5 (0 %)"
"java.util.Collections$SetFromMap","240 B (0 %)","10 (0 %)"
"java.util.HashMap$ValueSpliterator","240 B (0 %)","6 (0 %)"
"java.util.Collections$UnmodifiableSet","240 B (0 %)","15 (0 %)"
"java.util.EnumMap","240 B (0 %)","6 (0 %)"
"java.util.AbstractMap$SimpleImmutableEntry","240 B (0 %)","10 (0 %)"
"java.util.stream.StreamOpFlag","240 B (0 %)","6 (0 %)"
"java.nio.charset.CoderResult","240 B (0 %)","10 (0 %)"
"sun.invoke.util.ValueConversions$WrapperCache","240 B (0 %)","15 (0 %)"
"sun.util.locale.ParseStatus","240 B (0 %)","10 (0 %)"
"jdk.internal.reflect.DirectMethodHandleAccessor","224 B (0 %)","7 (0 %)"
"sun.security.provider.HashDrbg","224 B (0 %)","2 (0 %)"
"java.util.logging.Logger","224 B (0 %)","4 (0 %)"
"sun.nio.fs.NativeBuffer","224 B (0 %)","7 (0 %)"
"java.util.ImmutableCollections$MapN","224 B (0 %)","7 (0 %)"
"jdk.internal.loader.NativeLibraries","224 B (0 %)","7 (0 %)"
"java.util.ArrayDeque$DeqIterator","224 B (0 %)","7 (0 %)"
"java.util.HashMap$Values","224 B (0 %)","14 (0 %)"
"java.util.ServiceLoader$ProviderImpl","224 B (0 %)","7 (0 %)"
"java.net.Inet6Address","216 B (0 %)","9 (0 %)"
"java.util.concurrent.atomic.AtomicLong","216 B (0 %)","9 (0 %)"
"java.net.InterfaceAddress","216 B (0 %)","9 (0 %)"
"java.lang.reflect.AccessFlag$Location","216 B (0 %)","9 (0 %)"
"sun.util.logging.PlatformLogger$Level","216 B (0 %)","9 (0 %)"
"java.util.ServiceLoader$2","216 B (0 %)","9 (0 %)"
"sun.net.www.protocol.file.FileURLConnection","208 B (0 %)","2 (0 %)"
"jdk.jfr.internal.SecuritySupport$1","208 B (0 %)","13 (0 %)"
"com.sun.jmx.mbeanserver.PerInterface$InitMaps","208 B (0 %)","13 (0 %)"
"java.util.logging.Logger$ConfigurationData","200 B (0 %)","5 (0 %)"
"java.util.IdentityHashMap$KeyIterator","200 B (0 %)","5 (0 %)"
"sun.util.resources.Bundles$BundleReference","200 B (0 %)","5 (0 %)"
"java.lang.StringLatin1$LinesSpliterator","192 B (0 %)","8 (0 %)"
"jdk.jfr.internal.SecuritySupport$SafePath","192 B (0 %)","8 (0 %)"
"sun.nio.ch.FileChannelImpl","192 B (0 %)","3 (0 %)"
"java.util.Enumeration[]","192 B (0 %)","8 (0 %)"
"java.util.regex.Pattern$GroupHead","192 B (0 %)","8 (0 %)"
"com.sun.jmx.mbeanserver.DefaultMXBeanMappingFactory$CollectionMapping","192 B (0 %)","6 (0 %)"
"java.net.NetPermission","192 B (0 %)","8 (0 %)"
"java.lang.CompoundEnumeration","192 B (0 %)","8 (0 %)"
"java.io.BufferedReader","192 B (0 %)","4 (0 %)"
"java.util.PropertyPermission","192 B (0 %)","6 (0 %)"
"java.lang.invoke.BoundMethodHandle$Species_LLLLLLL","192 B (0 %)","3 (0 %)"
"jdk.internal.loader.NativeLibraries$1","192 B (0 %)","12 (0 %)"
"jdk.internal.loader.NativeLibraries$2","192 B (0 %)","12 (0 %)"
"jdk.internal.loader.NativeLibraries$3","192 B (0 %)","12 (0 %)"
"java.lang.invoke.VarForm","192 B (0 %)","6 (0 %)"
"java.util.regex.Pattern$GroupTail","192 B (0 %)","8 (0 %)"
"jdk.internal.util.xml.impl.Input","192 B (0 %)","4 (0 %)"
"jdk.internal.perf.PerfCounter","192 B (0 %)","8 (0 %)"
"jdk.internal.loader.AbstractClassLoaderValue$Sub","192 B (0 %)","8 (0 %)"
"java.lang.invoke.LambdaForm$BasicType","192 B (0 %)","6 (0 %)"
"java.util.ServiceLoader$3","192 B (0 %)","8 (0 %)"
"java.io.FileInputStream","192 B (0 %)","6 (0 %)"
"java.util.regex.Pattern$BmpCharPropertyGreedy","192 B (0 %)","8 (0 %)"
"javax.management.StandardEmitterMBean","192 B (0 %)","6 (0 %)"
"java.math.BigInteger[][]","168 B (0 %)","1 (0 %)"
"java.lang.System$Logger$Level","168 B (0 %)","7 (0 %)"
"sun.nio.fs.NativeBuffer$Deallocator","168 B (0 %)","7 (0 %)"
"javax.management.openmbean.OpenMBeanOperationInfoSupport","168 B (0 %)","3 (0 %)"
"java.util.Collections$UnmodifiableRandomAccessList","168 B (0 %)","7 (0 %)"
"java.util.Collections$UnmodifiableCollection$1","168 B (0 %)","7 (0 %)"
"java.lang.ClassValue$Entry[]","168 B (0 %)","2 (0 %)"
"sun.nio.cs.StreamEncoder","168 B (0 %)","3 (0 %)"
"java.util.ServiceLoader$1","168 B (0 %)","7 (0 %)"
"jdk.net.ExtendedSocketOptions$ExtSocketOption","168 B (0 %)","7 (0 %)"
"java.util.jar.JarFile","168 B (0 %)","3 (0 %)"
"java.lang.StringBuffer","160 B (0 %)","5 (0 %)"
"java.util.logging.LogManager$4","160 B (0 %)","5 (0 %)"
"jdk.jfr.internal.jfc.model.XmlNot","160 B (0 %)","4 (0 %)"
"java.security.ProtectionDomain$Key","160 B (0 %)","10 (0 %)"
"java.util.regex.Pattern$BitClass","160 B (0 %)","10 (0 %)"
"sun.nio.fs.WindowsDirectoryStream$WindowsDirectoryIterator","160 B (0 %)","5 (0 %)"
"jdk.jfr.internal.jfc.model.XmlControl","160 B (0 %)","4 (0 %)"
"java.util.regex.Pattern$Branch","160 B (0 %)","5 (0 %)"
"java.util.RegularEnumSet","160 B (0 %)","5 (0 %)"
"sun.nio.fs.WindowsNativeDispatcher$FirstFile","160 B (0 %)","5 (0 %)"
"java.io.StringReader","160 B (0 %)","4 (0 %)"
"jdk.jfr.internal.jfc.model.XmlFlag","160 B (0 %)","4 (0 %)"
"jdk.jfr.internal.jfc.model.XmlConfiguration","160 B (0 %)","4 (0 %)"
"java.util.zip.ZipFile$Source","160 B (0 %)","2 (0 %)"
"sun.util.locale.provider.LocaleProviderAdapter$Type","160 B (0 %)","5 (0 %)"
"sun.util.locale.provider.LocaleResources","160 B (0 %)","4 (0 %)"
"sun.nio.ch.NioSocketImpl","160 B (0 %)","2 (0 %)"
"java.lang.invoke.VarHandle$AccessType","160 B (0 %)","5 (0 %)"
"java.io.DataInputStream","160 B (0 %)","5 (0 %)"
"java.util.HashMap$EntrySpliterator","160 B (0 %)","4 (0 %)"
"java.lang.ClassValue$Entry","160 B (0 %)","5 (0 %)"
"java.io.ObjectOutputStream$HandleTable","160 B (0 %)","4 (0 %)"
"java.lang.invoke.VarHandle$AccessDescriptor","160 B (0 %)","4 (0 %)"
"java.security.Principal[]","160 B (0 %)","10 (0 %)"
"jdk.internal.logger.LazyLoggers$JdkLazyLogger","160 B (0 %)","10 (0 %)"
"java.lang.invoke.LambdaForm$BasicType[]","160 B (0 %)","4 (0 %)"
"java.lang.invoke.VarHandle$AccessType[]","160 B (0 %)","4 (0 %)"
"java.util.logging.Level[]","160 B (0 %)","3 (0 %)"
"java.lang.Thread[]","152 B (0 %)","2 (0 %)"
"java.util.Formatter","144 B (0 %)","6 (0 %)"
"java.lang.ThreadLocal$ThreadLocalMap","144 B (0 %)","6 (0 %)"
"sun.util.resources.LocaleData$1","144 B (0 %)","6 (0 %)"
"com.sun.management.internal.GarbageCollectorExtImpl","144 B (0 %)","3 (0 %)"
"jdk.internal.loader.URLClassPath$JarLoader","144 B (0 %)","3 (0 %)"
"java.lang.Thread$State","144 B (0 %)","6 (0 %)"
"sun.reflect.annotation.AnnotationParser$1","144 B (0 %)","6 (0 %)"
"java.lang.invoke.BoundMethodHandle$Species_LJ","144 B (0 %)","3 (0 %)"
"sun.reflect.annotation.AnnotationInvocationHandler","144 B (0 %)","6 (0 %)"
"java.lang.ThreadGroup","144 B (0 %)","3 (0 %)"
"java.time.temporal.ChronoField[]","136 B (0 %)","1 (0 %)"
"java.util.ArrayList$ArrayListSpliterator","128 B (0 %)","4 (0 %)"
"java.util.zip.ZipFile$CleanableResource","128 B (0 %)","4 (0 %)"
"java.lang.ThreadLocal","128 B (0 %)","8 (0 %)"
"jdk.internal.org.xml.sax.InputSource","128 B (0 %)","4 (0 %)"
"sun.security.provider.SHA2$SHA256","128 B (0 %)","2 (0 %)"
"java.util.Collections$UnmodifiableMap","128 B (0 %)","4 (0 %)"
"java.lang.invoke.LambdaFormEditor$Transform[]","128 B (0 %)","4 (0 %)"
"java.lang.invoke.MethodHandleImpl$Intrinsic[]","128 B (0 %)","2 (0 %)"
"com.sun.jmx.mbeanserver.DefaultMXBeanMappingFactory$EnumMapping","128 B (0 %)","4 (0 %)"
"com.sun.jmx.mbeanserver.DefaultMXBeanMappingFactory$ArrayMapping","128 B (0 %)","4 (0 %)"
"java.io.BufferedOutputStream","120 B (0 %)","3 (0 %)"
"sun.nio.ch.Util$BufferCache","120 B (0 %)","5 (0 %)"
"java.util.stream.StreamOpFlag$Type","120 B (0 %)","5 (0 %)"
"java.util.regex.Pattern$CharPropertyGreedy","120 B (0 %)","5 (0 %)"
"java.io.BufferedInputStream","120 B (0 %)","3 (0 %)"
"java.util.ResourceBundle$BundleReference","120 B (0 %)","3 (0 %)"
"java.util.regex.Pattern$Ques","120 B (0 %)","5 (0 %)"
"java.io.InputStreamReader","120 B (0 %)","5 (0 %)"
"java.lang.invoke.BoundMethodHandle$Species_LI","120 B (0 %)","3 (0 %)"
"sun.nio.fs.WindowsPathType","120 B (0 %)","5 (0 %)"
"java.io.FilePermission","120 B (0 %)","3 (0 %)"
"java.util.regex.Pattern$Node[]","120 B (0 %)","5 (0 %)"
"jdk.internal.math.FloatingDecimal$PreparedASCIIToBinaryBuffer","120 B (0 %)","5 (0 %)"
"java.io.BufferedWriter","120 B (0 %)","3 (0 %)"
"sun.util.locale.provider.LocaleResources$ResourceReference","120 B (0 %)","3 (0 %)"
"jdk.internal.loader.AbstractClassLoaderValue$Memoizer","120 B (0 %)","3 (0 %)"
"java.util.regex.Pattern$CharProperty","120 B (0 %)","5 (0 %)"
"java.lang.module.ModuleDescriptor$Opens","120 B (0 %)","5 (0 %)"
"jdk.internal.loader.URLClassPath","120 B (0 %)","3 (0 %)"
"java.util.Properties$LineReader","120 B (0 %)","3 (0 %)"
"java.util.logging.LogManager$Cleaner","120 B (0 %)","1 (0 %)"
"java.nio.DirectIntBufferRU","112 B (0 %)","2 (0 %)"
"java.io.ObjectOutputStream","112 B (0 %)","2 (0 %)"
"java.lang.ref.Finalizer$FinalizerThread","112 B (0 %)","1 (0 %)"
"jdk.internal.misc.InnocuousThread","112 B (0 %)","1 (0 %)"
"java.time.LocalTime[]","112 B (0 %)","1 (0 %)"
"java.lang.ref.Reference$ReferenceHandler","112 B (0 %)","1 (0 %)"
"java.lang.reflect.AccessFlag[]","112 B (0 %)","1 (0 %)"
"sun.invoke.util.ValueConversions$WrapperCache[]","112 B (0 %)","3 (0 %)"
"sun.util.logging.PlatformLogger$Level[]","104 B (0 %)","2 (0 %)"
"jdk.internal.loader.ClassLoaders$AppClassLoader","104 B (0 %)","1 (0 %)"
"jdk.internal.loader.ClassLoaders$BootClassLoader","104 B (0 %)","1 (0 %)"
"jdk.internal.loader.ClassLoaders$PlatformClassLoader","104 B (0 %)","1 (0 %)"
"sun.security.provider.Sun","104 B (0 %)","1 (0 %)"
"sun.security.jca.ProviderList$1","104 B (0 %)","1 (0 %)"
"sun.net.www.protocol.jar.URLJarFile$URLJarFileEntry","104 B (0 %)","1 (0 %)"
"java.lang.Runtime$Version","96 B (0 %)","3 (0 %)"
"sun.util.calendar.Gregorian$Date","96 B (0 %)","1 (0 %)"
"jdk.internal.loader.URLClassPath$3","96 B (0 %)","4 (0 %)"
"sun.nio.fs.WindowsException","96 B (0 %)","2 (0 %)"
"java.io.PrintStream","96 B (0 %)","2 (0 %)"
"jdk.jfr.internal.dcmd.DCmdStop","96 B (0 %)","4 (0 %)"
"sun.nio.fs.NativeBuffer[]","96 B (0 %)","3 (0 %)"
"java.util.zip.ZipFile$Source$Key","96 B (0 %)","4 (0 %)"
"java.util.Spliterators$1Adapter","96 B (0 %)","4 (0 %)"
"sun.nio.fs.WindowsChannelFactory$Flags","96 B (0 %)","3 (0 %)"
"java.lang.module.ModuleDescriptor$Modifier","96 B (0 %)","4 (0 %)"
"javax.management.openmbean.TabularType","96 B (0 %)","2 (0 %)"
"java.util.Collections$SynchronizedSet","96 B (0 %)","4 (0 %)"
"jdk.internal.logger.BootstrapLogger$LoggingBackend","96 B (0 %)","4 (0 %)"
"java.util.concurrent.atomic.AtomicInteger","96 B (0 %)","6 (0 %)"
"float[]","96 B (0 %)","3 (0 %)"
"sun.reflect.generics.repository.ClassRepository","96 B (0 %)","3 (0 %)"
"java.util.stream.StreamOpFlag$MaskBuilder","96 B (0 %)","6 (0 %)"
"jdk.internal.jimage.ImageLocation","96 B (0 %)","4 (0 %)"
"java.security.DrbgParameters$Instantiation","96 B (0 %)","4 (0 %)"
"java.net.URLClassLoader","96 B (0 %)","1 (0 %)"
"java.io.RandomAccessFile","96 B (0 %)","3 (0 %)"
"jdk.jfr.internal.jfc.model.Parser$ConfigurationHandler","96 B (0 %)","4 (0 %)"
"java.util.Collections$3","96 B (0 %)","4 (0 %)"
"sun.util.locale.BaseLocale[]","96 B (0 %)","1 (0 %)"
"java.util.LinkedHashSet","96 B (0 %)","6 (0 %)"
"java.lang.System$Logger$Level[]","96 B (0 %)","2 (0 %)"
"java.util.stream.StreamShape","96 B (0 %)","4 (0 %)"
"jdk.jfr.internal.jfc.model.JFCModel","96 B (0 %)","4 (0 %)"
"jdk.internal.loader.ClassLoaderValue","96 B (0 %)","6 (0 %)"
"java.security.MessageDigest$Delegate$CloneableDelegate","96 B (0 %)","3 (0 %)"
"jdk.jfr.internal.dcmd.DCmdCheck","96 B (0 %)","4 (0 %)"
"sun.reflect.generics.reflectiveObjects.TypeVariableImpl","96 B (0 %)","3 (0 %)"
"java.util.regex.Pattern$Qtype","96 B (0 %)","4 (0 %)"
"java.io.FileOutputStream","96 B (0 %)","3 (0 %)"
"java.util.stream.ReduceOps$2","96 B (0 %)","4 (0 %)"
"jdk.jfr.internal.dcmd.DCmdStart","96 B (0 %)","4 (0 %)"
"java.lang.NamedPackage","96 B (0 %)","4 (0 %)"
"java.util.concurrent.ConcurrentHashMap$KeySetView","96 B (0 %)","4 (0 %)"
"java.nio.file.NoSuchFileException","96 B (0 %)","2 (0 %)"
"sun.security.provider.MoreDrbgParameters","96 B (0 %)","2 (0 %)"
"java.util.IdentityHashMap$KeySet","96 B (0 %)","6 (0 %)"
"java.lang.WeakPairMap$$Lambda$57.0x000000080102eae8","96 B (0 %)","6 (0 %)"
"jdk.internal.util.xml.impl.Attrs","96 B (0 %)","4 (0 %)"
"java.lang.module.ModuleDescriptor$Requires$Modifier","96 B (0 %)","4 (0 %)"
"java.lang.constant.DynamicConstantDesc$AnonymousDynamicConstantDesc","96 B (0 %)","3 (0 %)"
"javax.management.MBeanConstructorInfo","96 B (0 %)","3 (0 %)"
"java.net.InetSocketAddress$InetSocketAddressHolder","96 B (0 %)","4 (0 %)"
"jdk.jfr.internal.SecuritySupport$$Lambda$80.0x000000080103d880","96 B (0 %)","6 (0 %)"
"jdk.jfr.internal.dcmd.DCmdDump","96 B (0 %)","4 (0 %)"
"jdk.internal.jimage.ImageReader$SharedImageReader","96 B (0 %)","1 (0 %)"
"java.util.stream.ReduceOps$2ReducingSink","96 B (0 %)","4 (0 %)"
"sun.security.jca.ProviderConfig[]","88 B (0 %)","2 (0 %)"
"sun.reflect.misc.MethodUtil","88 B (0 %)","1 (0 %)"
"java.lang.OutOfMemoryError[]","80 B (0 %)","2 (0 %)"
"sun.management.MemoryManagerImpl","80 B (0 %)","2 (0 %)"
"jdk.internal.math.FloatingDecimal$BinaryToASCIIBuffer","80 B (0 %)","2 (0 %)"
"java.time.temporal.ChronoUnit[]","80 B (0 %)","1 (0 %)"
"java.lang.module.Configuration","80 B (0 %)","2 (0 %)"
"com.sun.jmx.mbeanserver.GetPropertyAction","80 B (0 %)","5 (0 %)"
"java.lang.invoke.MethodHandle[][]","80 B (0 %)","2 (0 %)"
"java.util.WeakHashMap$KeySet","80 B (0 %)","5 (0 %)"
"java.io.ObjectOutputStream$BlockDataOutputStream","80 B (0 %)","2 (0 %)"
"java.util.regex.Pattern$BranchConn","80 B (0 %)","5 (0 %)"
"java.lang.IncompatibleClassChangeError","80 B (0 %)","2 (0 %)"
"sun.nio.fs.WindowsPathType[]","80 B (0 %)","2 (0 %)"
"sun.util.cldr.CLDRLocaleProviderAdapter","80 B (0 %)","1 (0 %)"
"com.sun.jmx.mbeanserver.DefaultMXBeanMappingFactory$TabularMapping","80 B (0 %)","2 (0 %)"
"java.lang.ModuleLayer","80 B (0 %)","2 (0 %)"
"java.util.Locale$Category","80 B (0 %)","2 (0 %)"
"int[][]","80 B (0 %)","2 (0 %)"
"java.util.LinkedHashMap$LinkedKeySet","80 B (0 %)","5 (0 %)"
"java.util.concurrent.ConcurrentHashMap$EntrySetView","80 B (0 %)","5 (0 %)"
"sun.util.locale.provider.JRELocaleProviderAdapter","80 B (0 %)","1 (0 %)"
"java.io.DataOutputStream","80 B (0 %)","2 (0 %)"
"sun.util.locale.provider.LocaleProviderAdapter$Type[]","80 B (0 %)","2 (0 %)"
"jdk.proxy1.$Proxy1","80 B (0 %)","5 (0 %)"
"java.nio.channels.FileChannel$MapMode","80 B (0 %)","5 (0 %)"
"java.util.zip.ZipFile$Source$End","80 B (0 %)","2 (0 %)"
"java.io.FileInputStream$1","80 B (0 %)","5 (0 %)"
"java.lang.ref.NativeReferenceQueue","80 B (0 %)","2 (0 %)"
"java.security.DrbgParameters$Capability","72 B (0 %)","3 (0 %)"
"java.lang.ClassValue$Version","72 B (0 %)","3 (0 %)"
"java.lang.invoke.VarHandle$VarHandleDesc$Kind","72 B (0 %)","3 (0 %)"
"sun.management.ManagementFactoryHelper$1","72 B (0 %)","3 (0 %)"
"java.security.Permissions","72 B (0 %)","3 (0 %)"
"java.util.regex.Pattern$Dollar","72 B (0 %)","3 (0 %)"
"sun.reflect.generics.tree.ClassSignature","72 B (0 %)","3 (0 %)"
"java.lang.invoke.MethodHandleImpl$ArrayAccess","72 B (0 %)","3 (0 %)"
"java.io.OutputStreamWriter","72 B (0 %)","3 (0 %)"
"java.lang.annotation.RetentionPolicy","72 B (0 %)","3 (0 %)"
"java.util.stream.Collector$Characteristics","72 B (0 %)","3 (0 %)"
"java.util.stream.Collectors$$Lambda$33.0x800000047","72 B (0 %)","3 (0 %)"
"java.security.DrbgParameters$NextBytes","72 B (0 %)","3 (0 %)"
"java.util.ResourceBundle$Control$2","72 B (0 %)","3 (0 %)"
"java.security.ProtectionDomain[]","72 B (0 %)","3 (0 %)"
"java.net.StandardProtocolFamily","72 B (0 %)","3 (0 %)"
"jdk.internal.logger.SurrogateLogger","72 B (0 %)","3 (0 %)"
"jdk.internal.jimage.BasicImageReader$1","72 B (0 %)","3 (0 %)"
"javax.management.openmbean.SimpleType[]","72 B (0 %)","1 (0 %)"
"jdk.internal.math.FloatingDecimal$ExceptionalBinaryToASCIIBuffer","72 B (0 %)","3 (0 %)"
"sun.net.www.protocol.jar.JarURLConnection","72 B (0 %)","1 (0 %)"
"java.lang.WeakPairMap","72 B (0 %)","3 (0 %)"
"java.io.ByteArrayOutputStream","72 B (0 %)","3 (0 %)"
"sun.nio.ch.NativeThreadSet","72 B (0 %)","3 (0 %)"
"sun.net.www.protocol.jar.URLJarFile","72 B (0 %)","1 (0 %)"
"jdk.internal.loader.FileURLMapper","72 B (0 %)","3 (0 %)"
"java.security.SecurityPermission","72 B (0 %)","3 (0 %)"
"sun.net.www.MessageHeader","72 B (0 %)","3 (0 %)"
"sun.net.www.protocol.jrt.JavaRuntimeURLConnection","72 B (0 %)","1 (0 %)"
"java.net.URLClassLoader$1","72 B (0 %)","3 (0 %)"
"java.util.regex.Pattern$SliceU","72 B (0 %)","3 (0 %)"
"sun.reflect.generics.tree.FormalTypeParameter","72 B (0 %)","3 (0 %)"
"sun.security.jca.GetInstance$Instance","72 B (0 %)","3 (0 %)"
"java.lang.Runnable[]","72 B (0 %)","2 (0 %)"
"javax.management.openmbean.OpenMBeanParameterInfo[]","72 B (0 %)","3 (0 %)"
"java.util.Vector","64 B (0 %)","2 (0 %)"
"java.util.stream.FindOps$FindOp","64 B (0 %)","2 (0 %)"
"sun.nio.ch.ChannelInputStream","64 B (0 %)","2 (0 %)"
"java.util.stream.Collector$Characteristics[]","64 B (0 %)","2 (0 %)"
"sun.security.action.GetBooleanAction","64 B (0 %)","4 (0 %)"
"java.lang.module.ModuleDescriptor$Builder","64 B (0 %)","1 (0 %)"
"java.util.Properties$EntrySet","64 B (0 %)","4 (0 %)"
"java.util.concurrent.ConcurrentHashMap$ValuesView","64 B (0 %)","4 (0 %)"
"jdk.internal.math.FloatingDecimal$ASCIIToBinaryBuffer","64 B (0 %)","2 (0 %)"
"java.nio.charset.CoderResult[]","64 B (0 %)","2 (0 %)"
"java.lang.annotation.RetentionPolicy[]","64 B (0 %)","2 (0 %)"
"jdk.internal.org.xml.sax.helpers.DefaultHandler","64 B (0 %)","4 (0 %)"
"java.security.SecureClassLoader$CodeSourceKey","64 B (0 %)","4 (0 %)"
"java.security.SecureRandom","64 B (0 %)","1 (0 %)"
"jdk.internal.module.ServicesCatalog","64 B (0 %)","4 (0 %)"
"java.lang.management.ManagementFactory$PlatformMBeanFinder$$Lambda$42.0x000000080106f310","64 B (0 %)","4 (0 %)"
"java.lang.invoke.VarHandleByteArrayAsInts$ArrayHandle","64 B (0 %)","2 (0 %)"
"jdk.internal.util.xml.impl.SAXParserImpl","64 B (0 %)","4 (0 %)"
"java.lang.invoke.VarHandleByteArrayAsLongs$ArrayHandle","64 B (0 %)","2 (0 %)"
"java.lang.ClassValue$ClassValueMap","64 B (0 %)","1 (0 %)"
"java.security.SecureClassLoader$1","64 B (0 %)","4 (0 %)"
"java.lang.ref.PhantomReference","64 B (0 %)","2 (0 %)"
"sun.reflect.annotation.AnnotationType","64 B (0 %)","2 (0 %)"
"java.util.jar.JarVerifier","64 B (0 %)","1 (0 %)"
"com.sun.jmx.mbeanserver.ClassLoaderRepositorySupport$LoaderEntry[]","64 B (0 %)","3 (0 %)"
"sun.management.spi.PlatformMBeanProvider$PlatformComponent$$Lambda$45.0x0000000801070da8","64 B (0 %)","4 (0 %)"
"java.lang.Class$3","64 B (0 %)","4 (0 %)"
"java.lang.ref.ReferenceQueue$Null","64 B (0 %)","2 (0 %)"
"java.util.ResourceBundle$ResourceBundleProviderHelper$$Lambda$13.0x800000012","64 B (0 %)","4 (0 %)"
"java.util.logging.LogManager$RootLogger","64 B (0 %)","1 (0 %)"
"java.lang.invoke.VarHandle$VarHandleDesc$Kind[]","64 B (0 %)","2 (0 %)"
"java.io.ObjectInputStream","64 B (0 %)","1 (0 %)"
"java.util.Random","64 B (0 %)","2 (0 %)"
"java.util.ArrayList$SubList","64 B (0 %)","2 (0 %)"
"java.nio.file.attribute.FileAttribute[]","64 B (0 %)","4 (0 %)"
"sun.management.spi.PlatformMBeanProvider$PlatformComponent$$Lambda$44.0x0000000801070b60","64 B (0 %)","4 (0 %)"
"java.net.InetSocketAddress","64 B (0 %)","4 (0 %)"
"java.lang.management.ManagementFactory$PlatformMBeanFinder$$Lambda$43.0x000000080106f558","64 B (0 %)","4 (0 %)"
"jdk.jfr.internal.jfc.JFC$KnownConfiguration","64 B (0 %)","2 (0 %)"
"java.util.zip.Deflater","64 B (0 %)","1 (0 %)"
"java.nio.file.Path[]","64 B (0 %)","3 (0 %)"
"java.lang.invoke.MethodHandleImpl$ArrayAccess[]","64 B (0 %)","2 (0 %)"
"java.io.ObjectInputStream$HandleTable$HandleList[]","56 B (0 %)","1 (0 %)"
"sun.security.provider.SHA","56 B (0 %)","1 (0 %)"
"java.lang.reflect.AccessFlag$Location[]","56 B (0 %)","1 (0 %)"
"sun.util.PropertyResourceBundleCharset$PropertiesFileDecoder","56 B (0 %)","1 (0 %)"
"sun.reflect.generics.tree.ClassTypeSignature[]","56 B (0 %)","3 (0 %)"
"java.lang.invoke.BoundMethodHandle$Species_LLLLLL","56 B (0 %)","1 (0 %)"
"java.net.SocketPermission","56 B (0 %)","1 (0 %)"
"java.io.ObjectInputStream$BlockDataInputStream","56 B (0 %)","1 (0 %)"
"java.text.Format[]","56 B (0 %)","1 (0 %)"
"java.nio.DirectIntBufferU","56 B (0 %)","1 (0 %)"
"java.nio.file.StandardOpenOption[]","56 B (0 %)","1 (0 %)"
"java.util.logging.LogManager","56 B (0 %)","1 (0 %)"
"java.lang.invoke.BoundMethodHandle$Specializer","56 B (0 %)","1 (0 %)"
"jdk.internal.reflect.ReflectionFactory$GetReflectionFactoryAction","48 B (0 %)","3 (0 %)"
"java.lang.invoke.BoundMethodHandle$Specializer$Factory","48 B (0 %)","1 (0 %)"
"com.sun.jmx.mbeanserver.MBeanIntrospector$MBeanInfoMap","48 B (0 %)","1 (0 %)"
"jdk.internal.util.Preconditions$4","48 B (0 %)","3 (0 %)"
"sun.util.resources.cldr.TimeZoneNames_en","48 B (0 %)","1 (0 %)"
"jdk.jfr.internal.SecuritySupport$$Lambda$77.0x000000080103bce0","48 B (0 %)","2 (0 %)"
"sun.util.resources.TimeZoneNames","48 B (0 %)","1 (0 %)"
"sun.util.logging.internal.LoggingProviderImpl$JULWrapper","48 B (0 %)","3 (0 %)"
"java.util.ResourceBundle$NoFallbackControl","48 B (0 %)","3 (0 %)"
"java.util.ResourceBundle$$Lambda$22.0x0000000801049010","48 B (0 %)","3 (0 %)"
"javax.management.NotificationBroadcasterSupport","48 B (0 %)","2 (0 %)"
"java.nio.file.OpenOption[]","48 B (0 %)","3 (0 %)"
"java.util.regex.Pattern$Begin","48 B (0 %)","3 (0 %)"
"java.lang.module.Resolver","48 B (0 %)","1 (0 %)"
"java.lang.reflect.Proxy$ProxyBuilder","48 B (0 %)","2 (0 %)"
"java.util.regex.Pattern$$Lambda$22.0x800000032","48 B (0 %)","3 (0 %)"
"sun.util.resources.cldr.TimeZoneNames","48 B (0 %)","1 (0 %)"
"sun.nio.ch.FileChannelImpl$DefaultUnmapper","48 B (0 %)","1 (0 %)"
"java.io.ObjectOutputStream$ReplaceTable","48 B (0 %)","2 (0 %)"
"java.lang.NullPointerException","48 B (0 %)","1 (0 %)"
"java.util.logging.Logger$LoggerBundle","48 B (0 %)","2 (0 %)"
"java.lang.reflect.Proxy$ProxyBuilder$ProxyClassContext","48 B (0 %)","2 (0 %)"
"com.sun.jmx.mbeanserver.WeakIdentityHashMap","48 B (0 %)","2 (0 %)"
"com.sun.jmx.mbeanserver.DefaultMXBeanMappingFactory$Mappings","48 B (0 %)","1 (0 %)"
"sun.nio.fs.WindowsFileSystem$2","48 B (0 %)","3 (0 %)"
"java.util.regex.Pattern$$Lambda$21.0x80000002b","48 B (0 %)","2 (0 %)"
"com.sun.jmx.mbeanserver.ClassLoaderRepositorySupport$LoaderEntry","48 B (0 %)","2 (0 %)"
"java.lang.reflect.ProxyGenerator$PrimitiveTypeInfo[]","48 B (0 %)","1 (0 %)"
"jdk.internal.jimage.ImageHeader","48 B (0 %)","1 (0 %)"
"java.text.AttributedCharacterIterator$Attribute","48 B (0 %)","3 (0 %)"
"jdk.internal.misc.Signal","48 B (0 %)","2 (0 %)"
"sun.util.resources.TimeZoneNames_en","48 B (0 %)","1 (0 %)"
"java.util.TimSort","48 B (0 %)","1 (0 %)"
"jdk.internal.reflect.ReflectionFactory$Config","48 B (0 %)","2 (0 %)"
"sun.security.jca.ProviderList$3","48 B (0 %)","2 (0 %)"
"jdk.management.jfr.FlightRecorderMXBeanImpl","48 B (0 %)","1 (0 %)"
"sun.nio.cs.ISO_8859_1$Encoder","48 B (0 %)","1 (0 %)"
"java.lang.management.MemoryPoolMXBean[]","48 B (0 %)","1 (0 %)"
"com.sun.jmx.mbeanserver.MBeanIntrospector$PerInterfaceMap","48 B (0 %)","1 (0 %)"
"java.util.concurrent.TimeUnit[]","48 B (0 %)","1 (0 %)"
"java.io.File$PathStatus","48 B (0 %)","2 (0 %)"
"java.util.concurrent.locks.ReentrantReadWriteLock$FairSync","48 B (0 %)","1 (0 %)"
"java.net.URL[]","48 B (0 %)","2 (0 %)"
"java.lang.invoke.MethodHandle$1","48 B (0 %)","3 (0 %)"
"java.lang.invoke.BoundMethodHandle$Species_LLJ","48 B (0 %)","1 (0 %)"
"jdk.internal.loader.URLClassPath$JarLoader$1","48 B (0 %)","3 (0 %)"
"java.net.URLClassLoader$2","48 B (0 %)","2 (0 %)"
"sun.security.jca.ProviderList","48 B (0 %)","2 (0 %)"
"java.nio.charset.CodingErrorAction","48 B (0 %)","3 (0 %)"
"java.nio.file.Files$1","48 B (0 %)","3 (0 %)"
"java.util.Hashtable$Enumerator","48 B (0 %)","1 (0 %)"
"jdk.internal.misc.Signal$NativeHandler","48 B (0 %)","2 (0 %)"
"java.lang.invoke.MethodHandles$Lookup$ClassOption","48 B (0 %)","2 (0 %)"
"java.util.stream.ForEachOps$ForEachOp$OfRef","48 B (0 %)","2 (0 %)"
"java.util.logging.LoggingPermission","48 B (0 %)","2 (0 %)"
"java.lang.ClassValue$Identity","48 B (0 %)","3 (0 %)"
"java.util.regex.Pattern$$Lambda$23.0x800000033","48 B (0 %)","2 (0 %)"
"sun.security.util.LazyCodeSourcePermissionCollection","48 B (0 %)","2 (0 %)"
"java.util.concurrent.ConcurrentSkipListMap","48 B (0 %)","1 (0 %)"
"java.lang.VerifyError","40 B (0 %)","1 (0 %)"
"com.sun.jmx.interceptor.DefaultMBeanServerInterceptor","40 B (0 %)","1 (0 %)"
"com.sun.jmx.mbeanserver.MBeanServerDelegateImpl","40 B (0 %)","1 (0 %)"
"jdk.internal.event.SecurityProviderServiceEvent","40 B (0 %)","1 (0 %)"
"com.sun.jmx.mbeanserver.JmxMBeanServer","40 B (0 %)","1 (0 %)"
"java.lang.invoke.LambdaForm$Name[][]","40 B (0 %)","1 (0 %)"
"jdk.internal.event.ThreadSleepEvent","40 B (0 %)","1 (0 %)"
"java.lang.NoSuchFieldException","40 B (0 %)","1 (0 %)"
"java.lang.ArithmeticException","40 B (0 %)","1 (0 %)"
"java.util.PropertyResourceBundle","40 B (0 %)","1 (0 %)"
"java.lang.Package$VersionInfo","40 B (0 %)","1 (0 %)"
"java.lang.VirtualMachineError","40 B (0 %)","1 (0 %)"
"java.util.zip.GZIPOutputStream","40 B (0 %)","1 (0 %)"
"jdk.internal.module.ModulePath","40 B (0 %)","1 (0 %)"
"jdk.internal.ref.CleanerImpl$CleanerCleanable","40 B (0 %)","1 (0 %)"
"sun.nio.cs.StandardCharsets$Aliases","40 B (0 %)","1 (0 %)"
"sun.nio.cs.StandardCharsets$Classes","40 B (0 %)","1 (0 %)"
"sun.nio.cs.StandardCharsets$Cache","40 B (0 %)","1 (0 %)"
"jdk.internal.loader.URLClassPath$JarLoader$2","40 B (0 %)","1 (0 %)"
"java.net.Socket","40 B (0 %)","1 (0 %)"
"com.sun.management.internal.DiagnosticCommandImpl","40 B (0 %)","1 (0 %)"
"java.time.zone.ZoneRules","40 B (0 %)","1 (0 %)"
"java.lang.Thread$State[]","40 B (0 %)","1 (0 %)"
"java.lang.reflect.InaccessibleObjectException","40 B (0 %)","1 (0 %)"
"java.text.MessageFormat","40 B (0 %)","1 (0 %)"
"java.util.HashMap$KeySpliterator","40 B (0 %)","1 (0 %)"
"sun.util.resources.Bundles$1","40 B (0 %)","1 (0 %)"
"java.lang.management.MemoryManagerMXBean[]","40 B (0 %)","1 (0 %)"
"java.util.ResourceBundle$2","40 B (0 %)","1 (0 %)"
"java.lang.invoke.VarHandleInts$FieldInstanceReadWrite","40 B (0 %)","1 (0 %)"
"java.lang.StackTraceElement[]","32 B (0 %)","2 (0 %)"
"java.net.URI$Parser","32 B (0 %)","1 (0 %)"
"java.security.AllPermission","32 B (0 %)","2 (0 %)"
"java.security.DrbgParameters$Capability[]","32 B (0 %)","1 (0 %)"
"java.util.TreeSet","32 B (0 %)","2 (0 %)"
"java.lang.module.ModuleDescriptor$Requires$Modifier[]","32 B (0 %)","1 (0 %)"
"java.lang.reflect.Proxy$$Lambda$58.0x000000080102ef20","32 B (0 %)","2 (0 %)"
"java.lang.reflect.Proxy$ProxyBuilder$1","32 B (0 %)","2 (0 %)"
"java.lang.ref.NativeReferenceQueue$Lock","32 B (0 %)","2 (0 %)"
"jdk.internal.logger.BootstrapLogger$LoggingBackend[]","32 B (0 %)","1 (0 %)"
"java.lang.ThreadGroup[]","32 B (0 %)","1 (0 %)"
"java.io.ObjectInputStream$PeekInputStream","32 B (0 %)","1 (0 %)"
"sun.net.www.protocol.jrt.JavaRuntimeURLConnection$1","32 B (0 %)","1 (0 %)"
"java.util.stream.StreamShape[]","32 B (0 %)","1 (0 %)"
"java.nio.ByteOrder","32 B (0 %)","2 (0 %)"
"java.util.concurrent.locks.AbstractQueuedSynchronizer$ConditionNode","32 B (0 %)","1 (0 %)"
"com.sun.jmx.mbeanserver.Repository","32 B (0 %)","1 (0 %)"
"jdk.internal.module.ServicesCatalog[]","32 B (0 %)","1 (0 %)"
"sun.nio.ch.FileChannelImpl$Closer","32 B (0 %)","2 (0 %)"
"java.lang.Boolean","32 B (0 %)","2 (0 %)"
"sun.management.ManagementFactoryHelper$LoggingMXBeanAccess$1","32 B (0 %)","2 (0 %)"
"java.util.regex.Pattern$Qtype[]","32 B (0 %)","1 (0 %)"
"java.util.concurrent.locks.AbstractQueuedSynchronizer$ExclusiveNode","32 B (0 %)","1 (0 %)"
"jdk.jfr.internal.SecuritySupport$4","32 B (0 %)","2 (0 %)"
"java.util.ServiceLoader$ProviderSpliterator","32 B (0 %)","1 (0 %)"
"sun.security.util.KnownOIDs$10","32 B (0 %)","1 (0 %)"
"java.lang.Shutdown$Lock","32 B (0 %)","2 (0 %)"
"java.util.zip.ZipCoder$UTF8ZipCoder","32 B (0 %)","1 (0 %)"
"com.sun.management.internal.DiagnosticCommandImpl$OperationInfoComparator","32 B (0 %)","2 (0 %)"
"jdk.net.ExtendedSocketOptions$1","32 B (0 %)","1 (0 %)"
"java.lang.Class$1","32 B (0 %)","2 (0 %)"
"jdk.internal.loader.ArchivedClassLoaders","32 B (0 %)","1 (0 %)"
"jdk.internal.org.objectweb.asm.ConstantDynamic","32 B (0 %)","1 (0 %)"
"sun.util.PropertyResourceBundleCharset","32 B (0 %)","1 (0 %)"
"java.util.AbstractList$Itr","32 B (0 %)","1 (0 %)"
"jdk.internal.loader.URLClassPath$FileLoader","32 B (0 %)","1 (0 %)"
"java.lang.Package","32 B (0 %)","1 (0 %)"
"sun.management.VMManagementImpl$1","32 B (0 %)","2 (0 %)"
"java.util.LinkedHashMap$LinkedKeyIterator","32 B (0 %)","1 (0 %)"
"java.lang.StringBuilder[]","32 B (0 %)","1 (0 %)"
"java.net.ServerSocket","32 B (0 %)","1 (0 %)"
"java.lang.module.ModuleDescriptor$Version","32 B (0 %)","1 (0 %)"
"sun.util.resources.LocaleData","32 B (0 %)","2 (0 %)"
"jdk.internal.module.ModuleResolution","32 B (0 %)","2 (0 %)"
"java.net.StandardProtocolFamily[]","32 B (0 %)","1 (0 %)"
"java.util.Collections$SynchronizedMap","32 B (0 %)","1 (0 %)"
"sun.util.resources.cldr.provider.CLDRLocaleDataMetaInfo","32 B (0 %)","2 (0 %)"
"jdk.jfr.internal.SecuritySupport$$Lambda$83.0x000000080103e4c8","32 B (0 %)","2 (0 %)"
"java.lang.invoke.LambdaFormEditor$1","32 B (0 %)","2 (0 %)"
"jdk.internal.loader.URLClassPath$FileLoader$1","32 B (0 %)","1 (0 %)"
"java.io.WinNTFileSystem","32 B (0 %)","1 (0 %)"
"sun.reflect.annotation.AnnotationType$1","32 B (0 %)","2 (0 %)"
"jdk.jfr.internal.SecuritySupport$$Lambda$82.0x000000080103e2b0","32 B (0 %)","2 (0 %)"
"sun.security.util.KnownOIDs$8","32 B (0 %)","1 (0 %)"
"sun.security.util.KnownOIDs$9","32 B (0 %)","1 (0 %)"
"java.lang.module.ModuleDescriptor$Modifier[]","32 B (0 %)","1 (0 %)"
"sun.security.util.KnownOIDs$1","32 B (0 %)","1 (0 %)"
"sun.security.util.KnownOIDs$2","32 B (0 %)","1 (0 %)"
"sun.security.util.KnownOIDs$3","32 B (0 %)","1 (0 %)"
"sun.security.util.KnownOIDs$4","32 B (0 %)","1 (0 %)"
"sun.security.util.KnownOIDs$5","32 B (0 %)","1 (0 %)"
"sun.security.util.KnownOIDs$6","32 B (0 %)","1 (0 %)"
"sun.security.util.KnownOIDs$7","32 B (0 %)","1 (0 %)"
"java.io.ObjectInputStream$HandleTable","32 B (0 %)","1 (0 %)"
"jdk.internal.vm.PostVMInitHook$1","32 B (0 %)","2 (0 %)"
"jdk.internal.org.objectweb.asm.Handle","32 B (0 %)","1 (0 %)"
"java.text.FieldPosition","32 B (0 %)","1 (0 %)"
"java.util.ResourceBundle$SingleFormatControl","32 B (0 %)","2 (0 %)"
"java.lang.Module$ArchivedData","32 B (0 %)","1 (0 %)"
"java.util.jar.Manifest$FastInputStream","32 B (0 %)","1 (0 %)"
"sun.nio.ch.NioSocketImpl$$Lambda$23.0x0000000801053d80","32 B (0 %)","2 (0 %)"
"jdk.internal.jimage.ImageReader","24 B (0 %)","1 (0 %)"
"java.util.logging.LogManager$2","24 B (0 %)","1 (0 %)"
"jdk.internal.module.ModuleHashes$Builder","24 B (0 %)","1 (0 %)"
"java.util.Locale$Cache","24 B (0 %)","1 (0 %)"
"jdk.internal.module.ModuleBootstrap$SafeModuleFinder","24 B (0 %)","1 (0 %)"
"java.util.ResourceBundle$Control$CandidateListCache","24 B (0 %)","1 (0 %)"
"sun.security.provider.DRBG","24 B (0 %)","1 (0 %)"
"sun.nio.cs.StandardCharsets","24 B (0 %)","1 (0 %)"
"java.net.Inet4AddressImpl","24 B (0 %)","1 (0 %)"
"java.net.Inet6AddressImpl","24 B (0 %)","1 (0 %)"
"java.time.zone.TzdbZoneRulesProvider","24 B (0 %)","1 (0 %)"
"java.util.zip.Deflater$DeflaterZStreamRef","24 B (0 %)","1 (0 %)"
"sun.management.RuntimeImpl","24 B (0 %)","1 (0 %)"
"sun.util.cldr.CLDRTimeZoneNameProviderImpl","24 B (0 %)","1 (0 %)"
"java.lang.module.ModuleFinder$2$$Lambda$3.0x800000006","24 B (0 %)","1 (0 %)"
"sun.util.locale.provider.LocaleServiceProviderPool","24 B (0 %)","1 (0 %)"
"java.util.stream.Collectors$$Lambda$65.0x00000008010333a0","24 B (0 %)","1 (0 %)"
"java.time.ZoneRegion","24 B (0 %)","1 (0 %)"
"java.util.Collections$EmptyMap","24 B (0 %)","1 (0 %)"
"java.util.Collections$SynchronizedCollection","24 B (0 %)","1 (0 %)"
"com.sun.jmx.remote.util.ClassLogger","24 B (0 %)","1 (0 %)"
"jdk.management.jfr.internal.FlightRecorderMXBeanProvider$SingleMBeanComponent","24 B (0 %)","1 (0 %)"
"java.lang.invoke.TypeConvertingMethodAdapter","24 B (0 %)","1 (0 %)"
"sun.nio.cs.UTF_16BE","24 B (0 %)","1 (0 %)"
"com.sun.jmx.mbeanserver.MXBeanLookup","24 B (0 %)","1 (0 %)"
"sun.management.ManagementFactoryHelper$LoggingMXBeanAccess","24 B (0 %)","1 (0 %)"
"java.io.File$PathStatus[]","24 B (0 %)","1 (0 %)"
"sun.nio.cs.UTF_16LE","24 B (0 %)","1 (0 %)"
"java.lang.reflect.Proxy$1","24 B (0 %)","1 (0 %)"
"sun.management.VMManagementImpl","24 B (0 %)","1 (0 %)"
"sun.nio.cs.UTF_16","24 B (0 %)","1 (0 %)"
"java.net.NetworkInterface$1","24 B (0 %)","1 (0 %)"
"sun.util.locale.BaseLocale$Cache","24 B (0 %)","1 (0 %)"
"java.lang.reflect.ReflectPermission","24 B (0 %)","1 (0 %)"
"sun.util.locale.provider.TimeZoneNameProviderImpl","24 B (0 %)","1 (0 %)"
"jdk.internal.logger.BootstrapLogger$RedirectedLoggers","24 B (0 %)","1 (0 %)"
"java.lang.invoke.MethodHandleImpl$ArrayAccessor$1","24 B (0 %)","1 (0 %)"
"com.sun.jmx.mbeanserver.ClassLoaderRepositorySupport","24 B (0 %)","1 (0 %)"
"java.util.ImmutableCollections$MapN$MapNIterator","24 B (0 %)","1 (0 %)"
"sun.management.ManagementFactoryHelper$PlatformLoggingImpl","24 B (0 %)","1 (0 %)"
"sun.nio.cs.ISO_8859_1","24 B (0 %)","1 (0 %)"
"java.security.BasicPermissionCollection","24 B (0 %)","1 (0 %)"
"sun.nio.fs.WindowsSecurityDescriptor","24 B (0 %)","1 (0 %)"
"sun.nio.cs.US_ASCII","24 B (0 %)","1 (0 %)"
"java.util.jar.Manifest","24 B (0 %)","1 (0 %)"
"java.net.Socket$SocketOutputStream","24 B (0 %)","1 (0 %)"
"com.sun.management.internal.PlatformMBeanProviderImpl$5","24 B (0 %)","1 (0 %)"
"com.sun.management.internal.PlatformMBeanProviderImpl$2","24 B (0 %)","1 (0 %)"
"sun.net.www.protocol.jar.JarURLConnection$JarURLInputStream","24 B (0 %)","1 (0 %)"
"sun.nio.cs.MS1251","24 B (0 %)","1 (0 %)"
"java.util.AbstractMap$SimpleEntry","24 B (0 %)","1 (0 %)"
"sun.nio.cs.UTF_8","24 B (0 %)","1 (0 %)"
"jdk.jfr.internal.management.StreamManager","24 B (0 %)","1 (0 %)"
"com.sun.management.internal.HotSpotThreadImpl","24 B (0 %)","1 (0 %)"
"java.util.Locale$Category[]","24 B (0 %)","1 (0 %)"
"java.util.concurrent.locks.ReentrantReadWriteLock","24 B (0 %)","1 (0 %)"
"javax.management.MBeanInfo$ArrayGettersSafeAction","24 B (0 %)","1 (0 %)"
"java.lang.module.ModuleFinder[]","24 B (0 %)","1 (0 %)"
"sun.nio.cs.Surrogate$Parser","24 B (0 %)","1 (0 %)"
"sun.management.MemoryImpl","24 B (0 %)","1 (0 %)"
"java.util.logging.LogManager$LoggerContext","24 B (0 %)","1 (0 %)"
"java.net.Socket$SocketInputStream","24 B (0 %)","1 (0 %)"
"sun.nio.fs.WindowsFileSystem","24 B (0 %)","1 (0 %)"
"jdk.internal.ref.CleanerImpl","24 B (0 %)","1 (0 %)"
"java.lang.module.ModuleFinder$2","24 B (0 %)","1 (0 %)"
"java.util.logging.LogManager$SystemLoggerContext","24 B (0 %)","1 (0 %)"
"java.net.InetSocketAddress[]","24 B (0 %)","1 (0 %)"
"jdk.internal.module.ModuleHashes","24 B (0 %)","1 (0 %)"
"com.sun.management.internal.OperatingSystemImpl","24 B (0 %)","1 (0 %)"
"java.util.jar.Manifest[]","24 B (0 %)","1 (0 %)"
"java.lang.Double","24 B (0 %)","1 (0 %)"
"java.lang.invoke.MethodType$ConcurrentWeakInternSet","24 B (0 %)","1 (0 %)"
"sun.management.CompilationImpl","24 B (0 %)","1 (0 %)"
"jdk.internal.module.SystemModuleFinders$SystemModuleFinder","24 B (0 %)","1 (0 %)"
"java.lang.invoke.VarHandles$1","24 B (0 %)","1 (0 %)"
"java.util.stream.FindOps$FindSink$OfRef$$Lambda$40.0x80000004e","16 B (0 %)","1 (0 %)"
"jdk.jfr.internal.jfc.model.JFCModel$$Lambda$85.0x0000000801018418","16 B (0 %)","1 (0 %)"
"jdk.internal.jimage.ImageReaderFactory$1","16 B (0 %)","1 (0 %)"
"java.util.stream.FindOps$FindSink$OfRef$$Lambda$39.0x80000004d","16 B (0 %)","1 (0 %)"
"jdk.internal.logger.BootstrapLogger$DetectBackend$1","16 B (0 %)","1 (0 %)"
"java.util.regex.CharPredicates$$Lambda$19.0x800000027","16 B (0 %)","1 (0 %)"
"java.util.stream.FindOps$FindSink$OfRef$$Lambda$42.0x800000050","16 B (0 %)","1 (0 %)"
"java.nio.Buffer$1","16 B (0 %)","1 (0 %)"
"sun.util.locale.provider.JRELocaleProviderAdapter$$Lambda$28.0x0000000801057b60","16 B (0 %)","1 (0 %)"
"java.lang.reflect.ReflectAccess","16 B (0 %)","1 (0 %)"
"jdk.internal.util.Preconditions$3","16 B (0 %)","1 (0 %)"
"java.util.stream.Collectors$$Lambda$48.0x0000000801071410","16 B (0 %)","1 (0 %)"
"jdk.internal.util.Preconditions$1","16 B (0 %)","1 (0 %)"
"jdk.internal.util.Preconditions$2","16 B (0 %)","1 (0 %)"
"java.io.ObjectInputFilter$Config$$Lambda$35.0x0000000801061dd8","16 B (0 %)","1 (0 %)"
"java.util.logging.LogManager$1","16 B (0 %)","1 (0 %)"
"sun.nio.ch.FileChannelImpl$2","16 B (0 %)","1 (0 %)"
"sun.nio.ch.FileChannelImpl$3","16 B (0 %)","1 (0 %)"
"java.lang.CharacterDataLatin1","16 B (0 %)","1 (0 %)"
"java.lang.invoke.MethodHandleImpl$1","16 B (0 %)","1 (0 %)"
"com.sun.jmx.interceptor.DefaultMBeanServerInterceptor$ResourceContext$1","16 B (0 %)","1 (0 %)"
"java.util.concurrent.atomic.AtomicBoolean","16 B (0 %)","1 (0 %)"
"java.lang.Float","16 B (0 %)","1 (0 %)"
"sun.security.provider.DRBG$$Lambda$99.0x0000000801087948","16 B (0 %)","1 (0 %)"
"java.security.AllPermissionCollection","16 B (0 %)","1 (0 %)"
"jdk.internal.perf.Perf$GetPerfAction","16 B (0 %)","1 (0 %)"
"jdk.internal.misc.Unsafe","16 B (0 %)","1 (0 %)"
"java.time.ZoneOffset$$Lambda$9.0x80000000e","16 B (0 %)","1 (0 %)"
"jdk.internal.jimage.decompressor.Decompressor","16 B (0 %)","1 (0 %)"
"jdk.internal.jimage.NativeImageBuffer$1","16 B (0 %)","1 (0 %)"
"sun.reflect.generics.tree.TypeVariableSignature","16 B (0 %)","1 (0 %)"
"java.lang.invoke.MemberName$Factory","16 B (0 %)","1 (0 %)"
"java.lang.reflect.AccessFlag$1","16 B (0 %)","1 (0 %)"
"java.lang.reflect.AccessFlag$2","16 B (0 %)","1 (0 %)"
"java.lang.reflect.AccessFlag$5","16 B (0 %)","1 (0 %)"
"java.lang.reflect.AccessFlag$6","16 B (0 %)","1 (0 %)"
"java.lang.reflect.AccessFlag$3","16 B (0 %)","1 (0 %)"
"java.lang.reflect.AccessFlag$4","16 B (0 %)","1 (0 %)"
"java.lang.reflect.AccessFlag$9","16 B (0 %)","1 (0 %)"
"java.util.stream.Collectors$$Lambda$46.0x0000000801070fe0","16 B (0 %)","1 (0 %)"
"java.lang.reflect.AccessFlag$7","16 B (0 %)","1 (0 %)"
"java.lang.reflect.AccessFlag$8","16 B (0 %)","1 (0 %)"
"java.lang.reflect.ProxyGenerator$$Lambda$59.0x000000080102f648","16 B (0 %)","1 (0 %)"
"sun.nio.ch.Net$1","16 B (0 %)","1 (0 %)"
"java.lang.management.ManagementFactory$$Lambda$50.0x000000080107ae00","16 B (0 %)","1 (0 %)"
"sun.security.provider.SunEntries$1","16 B (0 %)","1 (0 %)"
"java.util.regex.Pattern$$Lambda$39.0x0000000801066720","16 B (0 %)","1 (0 %)"
"jdk.internal.logger.LazyLoggers$1","16 B (0 %)","1 (0 %)"
"com.sun.jmx.mbeanserver.SecureClassLoaderRepository","16 B (0 %)","1 (0 %)"
"sun.nio.fs.WindowsChannelFactory$1","16 B (0 %)","1 (0 %)"
"java.util.ImmutableCollections$MapN$1","16 B (0 %)","1 (0 %)"
"java.lang.module.ModuleDescriptor$1","16 B (0 %)","1 (0 %)"
"java.io.FileOutputStream$1","16 B (0 %)","1 (0 %)"
"sun.util.cldr.CLDRLocaleProviderAdapter$$Lambda$60.0x800000066","16 B (0 %)","1 (0 %)"
"sun.security.provider.AbstractDrbg$SeederHolder$$Lambda$101.0x000000080108f390","16 B (0 %)","1 (0 %)"
"java.util.zip.CRC32","16 B (0 %)","1 (0 %)"
"jdk.net.ExtendedSocketOptions$PlatformSocketOptions$1","16 B (0 %)","1 (0 %)"
"java.util.IdentityHashMap$Values","16 B (0 %)","1 (0 %)"
"java.io.RandomAccessFile$2","16 B (0 %)","1 (0 %)"
"sun.management.ClassLoadingImpl","16 B (0 %)","1 (0 %)"
"java.net.URL$DefaultFactory","16 B (0 %)","1 (0 %)"
"java.io.PrintStream$1","16 B (0 %)","1 (0 %)"
"jdk.internal.module.ModuleLoaderMap$Mapper","16 B (0 %)","1 (0 %)"
"java.util.Collections$EmptyList","16 B (0 %)","1 (0 %)"
"java.lang.System$2","16 B (0 %)","1 (0 %)"
"java.net.InetAddress$PlatformResolver","16 B (0 %)","1 (0 %)"
"jdk.internal.reflect.DirectConstructorHandleAccessor$NativeAccessor","16 B (0 %)","1 (0 %)"
"sun.util.cldr.CLDRBaseLocaleDataMetaInfo","16 B (0 %)","1 (0 %)"
"java.lang.management.DefaultPlatformMBeanProvider$5$$Lambda$61.0x0000000801032ae8","16 B (0 %)","1 (0 %)"
"java.util.ResourceBundle$Control","16 B (0 %)","1 (0 %)"
"java.security.Security$$Lambda$7.0x80000000b","16 B (0 %)","1 (0 %)"
"java.util.logging.Level$KnownLevel$$Lambda$17.0x800000025","16 B (0 %)","1 (0 %)"
"jdk.internal.jimage.ImageBufferCache$2","16 B (0 %)","1 (0 %)"
"jdk.internal.jimage.ImageBufferCache$1","16 B (0 %)","1 (0 %)"
"jdk.internal.module.SystemModuleFinders$SystemModuleReader$$Lambda$103.0x0000000801092560","16 B (0 %)","1 (0 %)"
"java.time.zone.ZoneOffsetTransitionRule[]","16 B (0 %)","1 (0 %)"
"sun.nio.ch.NioSocketImpl$2","16 B (0 %)","1 (0 %)"
"sun.nio.ch.NioSocketImpl$1","16 B (0 %)","1 (0 %)"
"sun.net.www.protocol.jrt.JavaRuntimeURLConnection$$Lambda$98.0x000000080100f518","16 B (0 %)","1 (0 %)"
"java.net.URL$3","16 B (0 %)","1 (0 %)"
"java.util.stream.ReferencePipeline$$Lambda$21.0x0000000801047690","16 B (0 %)","1 (0 %)"
"sun.management.Util$$Lambda$67.0x0000000801033c38","16 B (0 %)","1 (0 %)"
"java.util.Spliterators$EmptySpliterator$OfLong","16 B (0 %)","1 (0 %)"
"java.util.logging.Handler[]","16 B (0 %)","1 (0 %)"
"sun.util.resources.provider.NonBaseLocaleDataMetaInfo","16 B (0 %)","1 (0 %)"
"java.io.ObjectInputFilter$Config$BuiltinFilterFactory","16 B (0 %)","1 (0 %)"
"java.util.stream.Collectors$$Lambda$28.0x800000042","16 B (0 %)","1 (0 %)"
"java.util.function.Function$$Lambda$63.0x0000000801032f60","16 B (0 %)","1 (0 %)"
"java.lang.ref.Cleaner$1","16 B (0 %)","1 (0 %)"
"sun.reflect.misc.MethodUtil$1","16 B (0 %)","1 (0 %)"
"sun.util.logging.internal.LoggingProviderImpl","16 B (0 %)","1 (0 %)"
"java.util.stream.Collectors$$Lambda$47.0x00000008010711f0","16 B (0 %)","1 (0 %)"
"jdk.internal.util.SystemProps$Raw","16 B (0 %)","1 (0 %)"
"java.lang.management.ManagementFactory$$Lambda$51.0x000000080107b030","16 B (0 %)","1 (0 %)"
"java.lang.reflect.AccessFlag$14","16 B (0 %)","1 (0 %)"
"java.lang.reflect.AccessFlag$15","16 B (0 %)","1 (0 %)"
"java.lang.reflect.AccessFlag$12","16 B (0 %)","1 (0 %)"
"java.lang.reflect.AccessFlag$13","16 B (0 %)","1 (0 %)"
"java.lang.reflect.AccessFlag$18","16 B (0 %)","1 (0 %)"
"java.lang.reflect.AccessFlag$16","16 B (0 %)","1 (0 %)"
"java.lang.reflect.AccessFlag$17","16 B (0 %)","1 (0 %)"
"java.util.Collections$EmptyIterator","16 B (0 %)","1 (0 %)"
"java.lang.reflect.AccessFlag$10","16 B (0 %)","1 (0 %)"
"java.lang.reflect.AccessFlag$11","16 B (0 %)","1 (0 %)"
"java.lang.module.ModuleFinder$2$$Lambda$5.0x800000008","16 B (0 %)","1 (0 %)"
"jdk.internal.module.SystemModules$all","16 B (0 %)","1 (0 %)"
"jdk.internal.jimage.ImageStringsReader","16 B (0 %)","1 (0 %)"
"java.util.logging.LogManager$VisitedLoggers","16 B (0 %)","1 (0 %)"
"java.lang.ModuleLayer$Controller","16 B (0 %)","1 (0 %)"
"java.lang.reflect.ProxyGenerator$$Lambda$60.0x000000080102f878","16 B (0 %)","1 (0 %)"
"jdk.management.jfr.SettingDescriptorInfo$1","16 B (0 %)","1 (0 %)"
"java.util.logging.Level$KnownLevel$$Lambda$15.0x800000023","16 B (0 %)","1 (0 %)"
"java.lang.management.DefaultPlatformMBeanProvider","16 B (0 %)","1 (0 %)"
"java.util.stream.Collectors$$Lambda$30.0x800000044","16 B (0 %)","1 (0 %)"
"java.util.Spliterators$EmptySpliterator$OfDouble","16 B (0 %)","1 (0 %)"
"java.util.concurrent.locks.ReentrantReadWriteLock$Sync$ThreadLocalHoldCounter","16 B (0 %)","1 (0 %)"
"sun.util.cldr.CLDRLocaleProviderAdapter$$Lambda$25.0x00000008010568e8","16 B (0 %)","1 (0 %)"
"sun.net.www.protocol.jar.JarFileFactory","16 B (0 %)","1 (0 %)"
"com.sun.jmx.mbeanserver.JmxMBeanServer$3","16 B (0 %)","1 (0 %)"
"jdk.internal.misc.ScopedMemoryAccess","16 B (0 %)","1 (0 %)"
"java.util.regex.Pattern$Node","16 B (0 %)","1 (0 %)"
"com.sun.jmx.mbeanserver.JmxMBeanServer$1","16 B (0 %)","1 (0 %)"
"com.sun.jmx.mbeanserver.JmxMBeanServer$2","16 B (0 %)","1 (0 %)"
"java.text.MessageFormat$Field","16 B (0 %)","1 (0 %)"
"com.sun.management.internal.PlatformMBeanProviderImpl$$Lambda$41.0x0000000801069d50","16 B (0 %)","1 (0 %)"
"sun.net.www.protocol.jrt.Handler","16 B (0 %)","1 (0 %)"
"jdk.jfr.internal.dcmd.DCmdStart$$Lambda$81.0x000000080103dc90","16 B (0 %)","1 (0 %)"
"java.util.stream.Collectors$$Lambda$66.0x00000008010335c8","16 B (0 %)","1 (0 %)"
"java.security.Provider[]","16 B (0 %)","1 (0 %)"
"jdk.internal.math.FloatingDecimal$1","16 B (0 %)","1 (0 %)"
"java.io.ObjectInputFilter$Config$$Lambda$38.0x0000000801062620","16 B (0 %)","1 (0 %)"
"java.net.InetAddress$1","16 B (0 %)","1 (0 %)"
"jdk.internal.module.DefaultRoots$$Lambda$48.0x800000057","16 B (0 %)","1 (0 %)"
"java.lang.management.DefaultPlatformMBeanProvider$10","16 B (0 %)","1 (0 %)"
"java.lang.management.DefaultPlatformMBeanProvider$11","16 B (0 %)","1 (0 %)"
"java.util.logging.LogManager$LoggingProviderAccess","16 B (0 %)","1 (0 %)"
"sun.management.ManagementFactoryHelper$$Lambda$90.0x000000080101a4c0","16 B (0 %)","1 (0 %)"
"java.util.concurrent.ConcurrentSkipListSet","16 B (0 %)","1 (0 %)"
"java.lang.management.DefaultPlatformMBeanProvider$5$$Lambda$62.0x0000000801032d30","16 B (0 %)","1 (0 %)"
"sun.nio.ch.ExtendedSocketOption$1","16 B (0 %)","1 (0 %)"
"java.util.stream.Nodes$EmptyNode$OfInt","16 B (0 %)","1 (0 %)"
"java.util.ImmutableCollections$Access$1","16 B (0 %)","1 (0 %)"
"jdk.internal.module.ModulePatcher","16 B (0 %)","1 (0 %)"
"sun.reflect.generics.tree.VoidDescriptor","16 B (0 %)","1 (0 %)"
"sun.util.locale.provider.JRELocaleProviderAdapter$$Lambda$27.0x0000000801057700","16 B (0 %)","1 (0 %)"
"java.util.stream.Nodes$EmptyNode$OfRef","16 B (0 %)","1 (0 %)"
"jdk.internal.module.DefaultRoots$$Lambda$45.0x800000054","16 B (0 %)","1 (0 %)"
"java.util.stream.Collectors$$Lambda$25.0x80000003f","16 B (0 %)","1 (0 %)"
"java.io.ObjectInputStream$$Lambda$33.0x000000080105e540","16 B (0 %)","1 (0 %)"
"java.util.stream.FindOps$FindSink$OfRef$$Lambda$41.0x80000004f","16 B (0 %)","1 (0 %)"
"jdk.internal.ref.CleanerFactory$1","16 B (0 %)","1 (0 %)"
"java.util.stream.Collectors$$Lambda$64.0x0000000801033190","16 B (0 %)","1 (0 %)"
"java.util.regex.CharPredicates$$Lambda$18.0x800000026","16 B (0 %)","1 (0 %)"
"java.util.stream.Nodes$EmptyNode$OfDouble","16 B (0 %)","1 (0 %)"
"com.sun.jmx.mbeanserver.MBeanAnalyzer$MethodOrder","16 B (0 %)","1 (0 %)"
"java.util.Map$Entry$$Lambda$32.0x000000080105bcb8","16 B (0 %)","1 (0 %)"
"sun.util.locale.InternalLocaleBuilder$CaseInsensitiveChar","16 B (0 %)","1 (0 %)"
"java.util.ResourceBundle$ResourceBundleControlProviderHolder$$Lambda$20.0x0000000801046e50","16 B (0 %)","1 (0 %)"
"sun.util.calendar.ZoneInfoFile$Checksum","16 B (0 %)","1 (0 %)"
"java.lang.ref.Cleaner","16 B (0 %)","1 (0 %)"
"com.sun.management.internal.PlatformMBeanProviderImpl","16 B (0 %)","1 (0 %)"
"sun.nio.ch.FileDispatcherImpl","16 B (0 %)","1 (0 %)"
"sun.security.provider.AbstractDrbg$$Lambda$100.0x0000000801088e08","16 B (0 %)","1 (0 %)"
"java.lang.management.DefaultPlatformMBeanProvider$1","16 B (0 %)","1 (0 %)"
"java.lang.management.DefaultPlatformMBeanProvider$2","16 B (0 %)","1 (0 %)"
"java.lang.Runtime","16 B (0 %)","1 (0 %)"
"java.lang.management.DefaultPlatformMBeanProvider$9","16 B (0 %)","1 (0 %)"
"java.lang.management.DefaultPlatformMBeanProvider$7","16 B (0 %)","1 (0 %)"
"java.lang.management.DefaultPlatformMBeanProvider$8","16 B (0 %)","1 (0 %)"
"java.lang.management.DefaultPlatformMBeanProvider$5","16 B (0 %)","1 (0 %)"
"java.lang.management.DefaultPlatformMBeanProvider$6","16 B (0 %)","1 (0 %)"
"java.lang.management.DefaultPlatformMBeanProvider$3","16 B (0 %)","1 (0 %)"
"java.lang.management.DefaultPlatformMBeanProvider$4","16 B (0 %)","1 (0 %)"
"java.nio.file.Files$AcceptAllFilter","16 B (0 %)","1 (0 %)"
"sun.security.jca.ProviderList$2","16 B (0 %)","1 (0 %)"
"java.io.DeleteOnExitHook$1","16 B (0 %)","1 (0 %)"
"java.util.logging.Logging","16 B (0 %)","1 (0 %)"
"java.lang.String$CaseInsensitiveComparator","16 B (0 %)","1 (0 %)"
"com.sun.management.internal.HotSpotDiagnostic","16 B (0 %)","1 (0 %)"
"java.lang.ApplicationShutdownHooks$1","16 B (0 %)","1 (0 %)"
"com.sun.jmx.mbeanserver.DefaultMXBeanMappingFactory","16 B (0 %)","1 (0 %)"
"java.io.FileDescriptor$1","16 B (0 %)","1 (0 %)"
"javax.management.JMX","16 B (0 %)","1 (0 %)"
"jdk.jfr.internal.consumer.FileAccess$UnPrivileged","16 B (0 %)","1 (0 %)"
"java.net.spi.InetAddressResolver$LookupPolicy","16 B (0 %)","1 (0 %)"
"java.util.concurrent.locks.ReentrantReadWriteLock$ReadLock","16 B (0 %)","1 (0 %)"
"sun.security.provider.SunEntries","16 B (0 %)","1 (0 %)"
"jdk.internal.module.DefaultRoots$$Lambda$44.0x800000053","16 B (0 %)","1 (0 %)"
"com.sun.management.internal.PlatformMBeanProviderImpl$1","16 B (0 %)","1 (0 %)"
"com.sun.management.internal.PlatformMBeanProviderImpl$4","16 B (0 %)","1 (0 %)"
"com.sun.management.internal.PlatformMBeanProviderImpl$3","16 B (0 %)","1 (0 %)"
"jdk.jfr.internal.dcmd.DCmdDump$$Lambda$88.0x0000000801018858","16 B (0 %)","1 (0 %)"
"java.time.chrono.IsoChronology","16 B (0 %)","1 (0 %)"
"jdk.internal.module.ModuleTarget","16 B (0 %)","1 (0 %)"
"java.util.regex.Pattern$LastNode","16 B (0 %)","1 (0 %)"
"jdk.internal.module.DefaultRoots$$Lambda$46.0x800000055","16 B (0 %)","1 (0 %)"
"jdk.net.WindowsSocketOptions","16 B (0 %)","1 (0 %)"
"sun.net.www.protocol.jar.Handler","16 B (0 %)","1 (0 %)"
"java.lang.reflect.Proxy$ProxyBuilder$$Lambda$54.0x000000080102dfb0","16 B (0 %)","1 (0 %)"
"com.sun.jmx.mbeanserver.MBeanInstantiator","16 B (0 %)","1 (0 %)"
"sun.reflect.generics.tree.LongSignature","16 B (0 %)","1 (0 %)"
"java.io.ObjectInputStream$$Lambda$34.0x000000080105e940","16 B (0 %)","1 (0 %)"
"sun.util.locale.provider.TimeZoneNameUtility$TimeZoneNameGetter","16 B (0 %)","1 (0 %)"
"com.sun.jmx.mbeanserver.DescriptorCache","16 B (0 %)","1 (0 %)"
"java.util.EnumMap$1","16 B (0 %)","1 (0 %)"
"java.lang.Throwable[]","16 B (0 %)","1 (0 %)"
"java.nio.Bits$1","16 B (0 %)","1 (0 %)"
"javax.management.StandardMBean$MBeanInfoSafeAction","16 B (0 %)","1 (0 %)"
"java.nio.file.AccessMode[]","16 B (0 %)","1 (0 %)"
"javax.management.MBeanServerBuilder","16 B (0 %)","1 (0 %)"
"java.util.stream.Collectors$$Lambda$32.0x800000046","16 B (0 %)","1 (0 %)"
"java.security.Security$1","16 B (0 %)","1 (0 %)"
"java.util.stream.Collectors$$Lambda$29.0x800000043","16 B (0 %)","1 (0 %)"
"java.util.Collections$EmptyEnumeration","16 B (0 %)","1 (0 %)"
"sun.nio.fs.NativeBuffers$1","16 B (0 %)","1 (0 %)"
"java.lang.Terminator$1","16 B (0 %)","1 (0 %)"
"sun.util.calendar.ZoneInfoFile$ZoneOffsetTransitionRule[]","16 B (0 %)","1 (0 %)"
"jdk.proxy1.$Proxy0","16 B (0 %)","1 (0 %)"
"jdk.jfr.internal.SecuritySupport$Privileged","16 B (0 %)","1 (0 %)"
"java.util.stream.Collectors$$Lambda$24.0x80000003a","16 B (0 %)","1 (0 %)"
"java.lang.reflect.Proxy$$Lambda$53.0x000000080102db90","16 B (0 %)","1 (0 %)"
"jdk.jfr.internal.SecuritySupport$$Lambda$78.0x000000080103ca08","16 B (0 %)","1 (0 %)"
"sun.security.provider.NativeSeedGenerator","16 B (0 %)","1 (0 %)"
"java.lang.module.ModuleDescriptor$Builder$$Lambda$1.0x800000002","16 B (0 %)","1 (0 %)"
"java.io.ObjectInputStream$ValidationList","16 B (0 %)","1 (0 %)"
"java.net.URI$1","16 B (0 %)","1 (0 %)"
"sun.util.calendar.Gregorian","16 B (0 %)","1 (0 %)"
"java.util.stream.Nodes$EmptyNode$OfLong","16 B (0 %)","1 (0 %)"
"java.lang.Module$$Lambda$56.0x000000080102e8c8","16 B (0 %)","1 (0 %)"
"jdk.jfr.internal.jfc.model.JFCModel$$Lambda$84.0x00000008010181f8","16 B (0 %)","1 (0 %)"
"java.util.jar.Attributes","16 B (0 %)","1 (0 %)"
"sun.nio.ch.SocketDispatcher","16 B (0 %)","1 (0 %)"
"java.util.Collections$EmptySet","16 B (0 %)","1 (0 %)"
"java.lang.invoke.ClassSpecializer$1","16 B (0 %)","1 (0 %)"
"jdk.internal.misc.ExtendedMapMode$$Lambda$102.0x0000000801090078","16 B (0 %)","1 (0 %)"
"java.lang.module.ModuleFinder$1","16 B (0 %)","1 (0 %)"
"java.lang.management.DefaultPlatformMBeanProvider$10$$Lambda$91.0x000000080101a960","16 B (0 %)","1 (0 %)"
"java.lang.System$LoggerFinder$$Lambda$72.0x0000000801036c08","16 B (0 %)","1 (0 %)"
"java.lang.ref.Reference$1","16 B (0 %)","1 (0 %)"
"java.lang.reflect.Executable$$Lambda$97.0x000000080101f0a0","16 B (0 %)","1 (0 %)"
"java.util.concurrent.locks.ReentrantReadWriteLock$WriteLock","16 B (0 %)","1 (0 %)"
"java.util.zip.ZipFile$1","16 B (0 %)","1 (0 %)"
"java.util.stream.Collectors$$Lambda$27.0x800000041","16 B (0 %)","1 (0 %)"
"jdk.internal.module.DefaultRoots$$Lambda$47.0x800000056","16 B (0 %)","1 (0 %)"
"java.util.ResourceBundle$ResourceBundleControlProviderHolder$$Lambda$19.0x00000008010467c0","16 B (0 %)","1 (0 %)"
"java.io.FilePermission$1","16 B (0 %)","1 (0 %)"
"java.security.ProtectionDomain$JavaSecurityAccessImpl","16 B (0 %)","1 (0 %)"
"java.nio.channels.spi.AbstractInterruptibleChannel$1","16 B (0 %)","1 (0 %)"
"sun.security.provider.SeedGenerator$1","16 B (0 %)","1 (0 %)"
"jdk.jfr.internal.dcmd.DCmdStart$$Lambda$87.0x0000000801018648","16 B (0 %)","1 (0 %)"
"java.util.Spliterators$EmptySpliterator$OfRef","16 B (0 %)","1 (0 %)"
"sun.util.cldr.CLDRLocaleProviderAdapter$$Lambda$59.0x800000064","16 B (0 %)","1 (0 %)"
"java.lang.management.ManagementFactory$PlatformMBeanFinder$1","16 B (0 %)","1 (0 %)"
"com.sun.jmx.mbeanserver.MXBeanIntrospector","16 B (0 %)","1 (0 %)"
"jdk.management.jfr.internal.FlightRecorderMXBeanProvider","16 B (0 %)","1 (0 %)"
"sun.nio.fs.WindowsFileSystemProvider","16 B (0 %)","1 (0 %)"
"java.io.ObjectInputFilter$Config$$Lambda$37.0x0000000801061fe8","16 B (0 %)","1 (0 %)"
"java.util.logging.Level$KnownLevel$$Lambda$16.0x800000024","16 B (0 %)","1 (0 %)"
"jdk.internal.vm.PostVMInitHook$2","16 B (0 %)","1 (0 %)"
"java.util.jar.JavaUtilJarAccessImpl","16 B (0 %)","1 (0 %)"
"sun.util.resources.LocaleData$LocaleDataStrategy","16 B (0 %)","1 (0 %)"
"java.util.Spliterators$EmptySpliterator$OfInt","16 B (0 %)","1 (0 %)"
"jdk.internal.misc.TerminatingThreadLocal$1","16 B (0 %)","1 (0 %)"
"jdk.jfr.internal.dcmd.DCmdCheck$$Lambda$89.0x0000000801018a68","16 B (0 %)","1 (0 %)"
"java.security.cert.Certificate[]","16 B (0 %)","1 (0 %)"
"jdk.jfr.internal.dcmd.DCmdStop$$Lambda$76.0x000000080103b080","16 B (0 %)","1 (0 %)"
"java.nio.file.FileSystems$DefaultFileSystemHolder$1","16 B (0 %)","1 (0 %)"
"java.lang.module.ModuleFinder$2$$Lambda$4.0x800000007","16 B (0 %)","1 (0 %)"
"java.lang.management.ManagementFactory$$Lambda$40.0x0000000801068758","16 B (0 %)","1 (0 %)"
"java.lang.management.ManagementFactory$$Lambda$49.0x000000080107abc0","16 B (0 %)","1 (0 %)"
"java.lang.constant.Constable[]","16 B (0 %)","1 (0 %)"
"java.util.logging.Level$$Lambda$14.0x800000013","16 B (0 %)","1 (0 %)"
"jdk.internal.perf.Perf","16 B (0 %)","1 (0 %)"
"jdk.internal.reflect.ReflectionFactory","16 B (0 %)","1 (0 %)"
"javax.management.NotificationBroadcasterSupport$1","16 B (0 %)","1 (0 %)"
"java.lang.Class$$Lambda$92.0x000000080101dca0","16 B (0 %)","1 (0 %)"
"java.util.ResourceBundle$1","16 B (0 %)","1 (0 %)"
"sun.net.www.protocol.file.Handler","16 B (0 %)","1 (0 %)"
"jdk.internal.logger.LazyLoggers$LazyLoggerFactories","16 B (0 %)","1 (0 %)"
"java.time.zone.ZoneRulesProvider$1","16 B (0 %)","1 (0 %)"
"sun.nio.ch.Util$1","16 B (0 %)","1 (0 %)"
"sun.nio.ch.Util$3","16 B (0 %)","1 (0 %)"
"sun.util.calendar.ZoneInfoFile$1","16 B (0 %)","1 (0 %)"
